<!-- This XML file has been created by Easy Java Simulations (Ejs). Visit http://www.um.es/fem/Ejs. -->
<!-- Please, save the file to your hard disk on your Ejs' user directory and open it with Ejs. -->
<Osejs version="4.1">
<Osejs.Information>
<Title><![CDATA[]]></Title>
<Author><![CDATA[Francisco Esquembre - Universidad de Murcia, Spain]]></Author>
<Keywords><![CDATA[]]></Keywords>
<Level><![CDATA[]]></Level>
<Language><![CDATA[]]></Language>
<Abstract><![CDATA[e-mail: fem@um.es]]></Abstract>
<CaptureTools>true</CaptureTools>
<DataTools>true</DataTools>
<LanguageTools>true</LanguageTools>
<AdditionalLibraries>
</AdditionalLibraries>
<ImportStatements>
</ImportStatements>
<AuxiliaryFiles><![CDATA[]]></AuxiliaryFiles>
<DetectedFiles><![CDATA[./ArrayPanelExample/ArrayPanelExample.jpg;]]></DetectedFiles>
</Osejs.Information>
<Osejs.Description>
<Osejs.Description.Page>
<Type>DESCRIPTION_EDITOR</Type>
<Name>ArrayPanel Example</Name>
<Active>true</Active>
<Content>
<![CDATA[
<html>
  <head>
    
  </head>
  <body>
    <p style="margin-top: 0">
      An ArrayPanel view element displays an array. The model changes the 
      values in the 1D or 2D Data property and the array display is updated. 
      The array does not change as the model evolves.
    </p>
    <p style="margin-top: 0">
      
    </p>
    <p style="margin-top: 0" align="center">
      <img src="./ArrayPanelExample/ArrayPanelExample.jpg">
    </p>
  </body>
</html>

]]>

</Content>
</Osejs.Description.Page>
</Osejs.Description>
<Osejs.Model>
<Osejs.Model.FramesPerSecond>2</Osejs.Model.FramesPerSecond>
<Osejs.Model.StepsPerDisplay>1</Osejs.Model.StepsPerDisplay>
<Osejs.Model.Autostart>false</Osejs.Model.Autostart>
<Osejs.Model.Variables>
<Osejs.Model.Variables.Page>
<Type>VARIABLE_EDITOR</Type>
<Name>Var Table</Name>
<Active>true</Active>
<Content>
<PageComment><![CDATA[]]></PageComment>
<Variable>
<Name><![CDATA[inputValue]]></Name>
<Value><![CDATA[1]]></Value>
<Type><![CDATA[double]]></Type>
<Dimension><![CDATA[]]></Dimension>
<Comment><![CDATA[]]></Comment>
</Variable>
<Variable>
<Name><![CDATA[dataArray]]></Name>
<Value><![CDATA[0]]></Value>
<Type><![CDATA[double]]></Type>
<Dimension><![CDATA[[10][2]]]></Dimension>
<Comment><![CDATA[]]></Comment>
</Variable>

</Content>
</Osejs.Model.Variables.Page>
</Osejs.Model.Variables>
<Osejs.Model.Initialization>
</Osejs.Model.Initialization>
<Osejs.Model.Evolution>
</Osejs.Model.Evolution>
<Osejs.Model.Constraints>
<Osejs.Model.Constraints.Page>
<Type>CODE_EDITOR</Type>
<Name>FixRel Page</Name>
<Active>true</Active>
<Content>
<Comment><![CDATA[]]></Comment>
<Code><![CDATA[
// fill the array with random values
for(int i=0; i<10; i++){
  dataArray[i][0]=(i+1)*inputValue;
  dataArray[i][1]=Math.pow(inputValue,i+1);
}

]]></Code>

</Content>
</Osejs.Model.Constraints.Page>
</Osejs.Model.Constraints>
<Osejs.Model.Library>
</Osejs.Model.Library>
</Osejs.Model>
<Osejs.View>
<Osejs.View.Creation>
<Osejs.View.Creation.Element>
<Expanded>false</Expanded>
<Type>Elements.Frame</Type>
<Property name="name">mainFrame</Property>
<Property name="_ejs_mainWindow">true</Property>
<Property name="title"><![CDATA["Data Table"]]></Property>
<Property name="layout"><![CDATA[border]]></Property>
<Property name="visible"><![CDATA[true]]></Property>
<Property name="location"><![CDATA["2,5"]]></Property>
<Property name="size"><![CDATA["269,213"]]></Property>
</Osejs.View.Creation.Element>
<Osejs.View.Creation.Element>
<Type>Elements.ArrayPanel</Type>
<Property name="name">arrayPanel</Property>
<Property name="parent">mainFrame</Property>
<Property name="position">center</Property>
<Property name="data"><![CDATA[dataArray]]></Property>
<Property name="format"><![CDATA["0.###"]]></Property>
<Property name="columnNames"><![CDATA[new String[]{"#","multiples","powers"}]]></Property>
<Property name="firstRowIndex"><![CDATA[1]]></Property>
<Property name="columnWidth"><![CDATA[new int[] { 30, 80, 150 }]]></Property>
</Osejs.View.Creation.Element>
<Osejs.View.Creation.Element>
<Expanded>false</Expanded>
<Type>Elements.Panel</Type>
<Property name="name">buttonPanel</Property>
<Property name="parent">mainFrame</Property>
<Property name="position">south</Property>
<Property name="layout"><![CDATA[FLOW:center,0,0]]></Property>
</Osejs.View.Creation.Element>
<Osejs.View.Creation.Element>
<Expanded>false</Expanded>
<Type>Elements.Panel</Type>
<Property name="name">panelInput</Property>
<Property name="parent">buttonPanel</Property>
<Property name="layout"><![CDATA[border]]></Property>
</Osejs.View.Creation.Element>
<Osejs.View.Creation.Element>
<Type>Elements.Label</Type>
<Property name="name">labelInput</Property>
<Property name="parent">panelInput</Property>
<Property name="position">west</Property>
<Property name="text"><![CDATA[" Input a number="]]></Property>
</Osejs.View.Creation.Element>
<Osejs.View.Creation.Element>
<Type>Elements.ParsedField</Type>
<Property name="name">fieldInput</Property>
<Property name="parent">panelInput</Property>
<Property name="position">center</Property>
<Property name="variable"><![CDATA[inputValue]]></Property>
<Property name="format"><![CDATA["0.###"]]></Property>
<Property name="columns"><![CDATA[4]]></Property>
</Osejs.View.Creation.Element>
</Osejs.View.Creation>
</Osejs.View>
<Osejs.Experiment>
</Osejs.Experiment>
</Osejs>
