<!-- This XML file has been created by Easy Java Simulations (Ejs). Visit http://www.um.es/fem/Ejs. -->
<!-- Please, save the file to your hard disk on your Ejs' user directory and open it with Ejs. -->
<Osejs version="4.2" password="">
<Osejs.Information>
<Title><![CDATA[Throwing a ball]]></Title>
<Author><![CDATA[Francisco Esquembre, Universidad de Murcia, Spain]]></Author>
<Keywords><![CDATA[Parabolic Throw]]></Keywords>
<Password><![CDATA[]]></Password>
<Level><![CDATA[Beginner]]></Level>
<Language><![CDATA[English]]></Language>
<Abstract><![CDATA[This simulation shows the trajectory of a ball thrown by a pitcher.]]></Abstract>
<CaptureTools>false</CaptureTools>
<DataTools>false</DataTools>
<LanguageTools>false</LanguageTools>
<UseInterpreter>true</UseInterpreter>
<AdditionalLibraries>
</AdditionalLibraries>
<ImportStatements>
</ImportStatements>
<AuxiliaryFiles><![CDATA[]]></AuxiliaryFiles>
<DetectedFiles><![CDATA[./ThrowingABall/Pitcher.gif;./ThrowingABall/Throw.gif;]]></DetectedFiles>
</Osejs.Information>
<Osejs.Description>
<Osejs.Description.Page>
<Type>DESCRIPTION_EDITOR</Type>
<Name>Throwing a ball</Name>
<Active>true</Active>
<Content>
<![CDATA[
<html>
  <head>
    
  </head>
  <body>
    <h1>
      Throwing a ball
    </h1>
    <p>
      In this simulation we look for the initial angle of throw that will make 
      a ball travel the longest possible distance.
    </p>
    <p>
      The motion of the ball is a composition of the uniform motion in the 
      horizontal direction and the uniformly accellerated motion in the 
      vertical direction.
    </p>
    <p>
      <img src="./ThrowingABall/Throw.gif">
      
    </p>
    <p>
      Simulation adapted from the book (in Spanish)
    </p>
    <p>
      <b>Creaci&#243;n de Simulaciones Interactivas en Java.</b><br><b><i> 
      Aplicaci&#243;n para la Ense&#241;anza de las Ciencias.<br></i>F. 
      Esquembre</b>
    </p>
    <p>
      (C) Pearson Educaci&#243;n 2004.
    </p>
  </body>
</html>

]]>

</Content>
</Osejs.Description.Page>
</Osejs.Description>
<Osejs.Model>
<Osejs.Model.FramesPerSecond>10</Osejs.Model.FramesPerSecond>
<Osejs.Model.StepsPerDisplay>1</Osejs.Model.StepsPerDisplay>
<Osejs.Model.Autostart>false</Osejs.Model.Autostart>
<Osejs.Model.Variables>
<Osejs.Model.Variables.Page>
<Type>VARIABLE_EDITOR</Type>
<Name>Motion</Name>
<Active>true</Active>
<Content>
<PageComment><![CDATA[]]></PageComment>
<Variable>
<Name><![CDATA[g]]></Name>
<Value><![CDATA[9.8]]></Value>
<Type><![CDATA[double]]></Type>
<Dimension><![CDATA[]]></Dimension>
<Comment><![CDATA[]]></Comment>
</Variable>
<Variable>
<Name><![CDATA[speed]]></Name>
<Value><![CDATA[8]]></Value>
<Type><![CDATA[double]]></Type>
<Dimension><![CDATA[]]></Dimension>
<Comment><![CDATA[]]></Comment>
</Variable>
<Variable>
<Name><![CDATA[angle]]></Name>
<Value><![CDATA[20]]></Value>
<Type><![CDATA[double]]></Type>
<Dimension><![CDATA[]]></Dimension>
<Comment><![CDATA[]]></Comment>
</Variable>
<Variable>
<Name><![CDATA[dt]]></Name>
<Value><![CDATA[0.1]]></Value>
<Type><![CDATA[double]]></Type>
<Dimension><![CDATA[]]></Dimension>
<Comment><![CDATA[]]></Comment>
</Variable>
<Variable>
<Name><![CDATA[x]]></Name>
<Value><![CDATA[0]]></Value>
<Type><![CDATA[double]]></Type>
<Dimension><![CDATA[]]></Dimension>
<Comment><![CDATA[]]></Comment>
</Variable>
<Variable>
<Name><![CDATA[y]]></Name>
<Value><![CDATA[1.5]]></Value>
<Type><![CDATA[double]]></Type>
<Dimension><![CDATA[]]></Dimension>
<Comment><![CDATA[]]></Comment>
</Variable>
<Variable>
<Name><![CDATA[vx]]></Name>
<Value><![CDATA[]]></Value>
<Type><![CDATA[double]]></Type>
<Dimension><![CDATA[]]></Dimension>
<Comment><![CDATA[]]></Comment>
</Variable>
<Variable>
<Name><![CDATA[vy]]></Name>
<Value><![CDATA[]]></Value>
<Type><![CDATA[double]]></Type>
<Dimension><![CDATA[]]></Dimension>
<Comment><![CDATA[]]></Comment>
</Variable>

</Content>
</Osejs.Model.Variables.Page>
</Osejs.Model.Variables>
<Osejs.Model.Initialization>
<Osejs.Model.Initialization.Page>
<Type>CODE_EDITOR</Type>
<Name>Condiciones iniciales</Name>
<Active>true</Active>
<Content>
<Comment><![CDATA[]]></Comment>
<Code><![CDATA[
x = 0;
y = 1.5;
_view.trajectory.moveToPoint(x,y);
// The angle was introduced using degrees
double radians = angle*Math.PI/180.0;
vx = speed * Math.cos(radians);
vy = speed * Math.sin(radians);
]]></Code>

</Content>
</Osejs.Model.Initialization.Page>
</Osejs.Model.Initialization>
<Osejs.Model.Evolution>
<Osejs.Model.Evolution.Page>
<Type>EVOLUTION_EDITOR</Type>
<Name>Motion</Name>
<Active>true</Active>
<Content>
<Comment><![CDATA[]]></Comment>
<Code><![CDATA[
x = x + vx*dt;
y = y + vy*dt - 0.5*g*dt*dt;
vy = vy - g*dt;

if (y<=0.2) _pause();

]]></Code>

</Content>
</Osejs.Model.Evolution.Page>
</Osejs.Model.Evolution>
<Osejs.Model.Constraints>
</Osejs.Model.Constraints>
<Osejs.Model.Library>
</Osejs.Model.Library>
</Osejs.Model>
<Osejs.View>
<Osejs.View.Creation>
<Osejs.View.Creation.Element>
<Expanded>true</Expanded>
<Type>Elements.Frame</Type>
<Property name="name">Frame</Property>
<Property name="_ejs_mainWindow">true</Property>
<Property name="title"><![CDATA[Throwing a ball]]></Property>
<Property name="layout"><![CDATA[border]]></Property>
<Property name="visible"><![CDATA[true]]></Property>
<Property name="location"><![CDATA["0,22"]]></Property>
<Property name="size"><![CDATA["600,320"]]></Property>
</Osejs.View.Creation.Element>
<Osejs.View.Creation.Element>
<Expanded>true</Expanded>
<Type>Elements.Panel</Type>
<Property name="name">Panel</Property>
<Property name="parent">Frame</Property>
<Property name="position">south</Property>
<Property name="layout"><![CDATA[flow:center,0,0]]></Property>
<Property name="border"><![CDATA[5,0,5,0]]></Property>
</Osejs.View.Creation.Element>
<Osejs.View.Creation.Element>
<Type>Elements.Label</Type>
<Property name="name">label</Property>
<Property name="parent">Panel</Property>
<Property name="text"><![CDATA["Angle = "]]></Property>
</Osejs.View.Creation.Element>
<Osejs.View.Creation.Element>
<Type>Elements.Field</Type>
<Property name="name">Angle</Property>
<Property name="parent">Panel</Property>
<Property name="variable"><![CDATA[angle]]></Property>
<Property name="format"><![CDATA["0.##"]]></Property>
<Property name="action"><![CDATA[_initialize()]]></Property>
<Property name="columns"><![CDATA[3]]></Property>
</Osejs.View.Creation.Element>
<Osejs.View.Creation.Element>
<Type>Elements.TwoStateButton</Type>
<Property name="name">playPauseButton</Property>
<Property name="parent">Panel</Property>
<Property name="variable"><![CDATA[_isPaused]]></Property>
<Property name="imageOn"><![CDATA["/org/opensourcephysics/resources/controls/images/play.gif"]]></Property>
<Property name="actionOn"><![CDATA[_play()]]></Property>
<Property name="imageOff"><![CDATA["/org/opensourcephysics/resources/controls/images/pause.gif"]]></Property>
<Property name="actionOff"><![CDATA[_pause()]]></Property>
</Osejs.View.Creation.Element>
<Osejs.View.Creation.Element>
<Type>Elements.Button</Type>
<Property name="name">Step</Property>
<Property name="parent">Panel</Property>
<Property name="image"><![CDATA["/org/opensourcephysics/resources/controls/images/stepforward.gif"]]></Property>
<Property name="action"><![CDATA[_step()]]></Property>
</Osejs.View.Creation.Element>
<Osejs.View.Creation.Element>
<Type>Elements.Button</Type>
<Property name="name">Reset</Property>
<Property name="parent">Panel</Property>
<Property name="image"><![CDATA["/org/opensourcephysics/resources/controls/images/reset.gif"]]></Property>
<Property name="action"><![CDATA[_reset()]]></Property>
</Osejs.View.Creation.Element>
<Osejs.View.Creation.Element>
<Expanded>true</Expanded>
<Type>Elements.DrawingPanel</Type>
<Property name="name">PlayField</Property>
<Property name="parent">Frame</Property>
<Property name="position">center</Property>
<Property name="autoscaleX"><![CDATA[false]]></Property>
<Property name="autoscaleY"><![CDATA[false]]></Property>
<Property name="minimumX"><![CDATA[-1]]></Property>
<Property name="maximumX"><![CDATA[9]]></Property>
<Property name="minimumY"><![CDATA[0]]></Property>
<Property name="maximumY"><![CDATA[5.5]]></Property>
<Property name="background"><![CDATA[white]]></Property>
</Osejs.View.Creation.Element>
<Osejs.View.Creation.Element>
<Type>Elements.Image</Type>
<Property name="name">Pitcher</Property>
<Property name="parent">PlayField</Property>
<Property name="x"><![CDATA[-0.5]]></Property>
<Property name="y"><![CDATA[0]]></Property>
<Property name="sizex"><![CDATA[1.6]]></Property>
<Property name="sizey"><![CDATA[1.8]]></Property>
<Property name="enabled"><![CDATA[true]]></Property>
<Property name="image"><![CDATA[./ThrowingABall/Pitcher.gif]]></Property>
<Property name="elementposition"><![CDATA[SOUTH]]></Property>
</Osejs.View.Creation.Element>
<Osejs.View.Creation.Element>
<Type>Elements.Particle</Type>
<Property name="name">Ball</Property>
<Property name="parent">PlayField</Property>
<Property name="x"><![CDATA[x]]></Property>
<Property name="y"><![CDATA[y]]></Property>
<Property name="sizex"><![CDATA[0.2]]></Property>
<Property name="sizey"><![CDATA[0.2]]></Property>
<Property name="enabled"><![CDATA[true]]></Property>
</Osejs.View.Creation.Element>
<Osejs.View.Creation.Element>
<Type>Elements.Trace</Type>
<Property name="name">trajectory</Property>
<Property name="parent">PlayField</Property>
<Property name="x"><![CDATA[x]]></Property>
<Property name="y"><![CDATA[y]]></Property>
</Osejs.View.Creation.Element>
</Osejs.View.Creation>
</Osejs.View>
<Osejs.Experiment>
</Osejs.Experiment>
</Osejs>
