<!-- This XML file has been created by Easy Java Simulations (Ejs). Visit http://www.um.es/fem/Ejs. -->
<!-- Please, save the file to your hard disk on your Ejs' user directory and open it with Ejs. -->
<Osejs version="4.1">
<Osejs.Information>
<Title><![CDATA[Earth and Moon]]></Title>
<Author><![CDATA[Francisco Esquembre, Universidad de Murcia, Spain ]]></Author>
<Keywords><![CDATA[Gravitation, Newton's Laws, Two-body problem]]></Keywords>
<Level><![CDATA[Beginner]]></Level>
<Language><![CDATA[English]]></Language>
<Abstract><![CDATA[A classical two-body problem.]]></Abstract>
<AdditionalLibraries>
</AdditionalLibraries>
<ImportStatements>
</ImportStatements>
<AuxiliaryFiles><![CDATA[]]></AuxiliaryFiles>
<DetectedFiles><![CDATA[./EarthAndMoon/Earth.gif;./EarthAndMoon/EarthForces.gif;./EarthAndMoon/Moon.gif;]]></DetectedFiles>
</Osejs.Information>
<Osejs.Description>
<Osejs.Description.Page>
<Type>DESCRIPTION_EDITOR</Type>
<Name>Orbit of the Moon around the Earth</Name>
<Active>true</Active>
<Content>
<![CDATA[
<html>
  <head>
    
  </head>
  <body>
    <h1>
      Orbit of the Moon around the Earth
    </h1>
    <p>
      This is a simulation of the relative motion of translation of the Moon 
      around the Earth, assuming that both bodies are spherical and that they 
      are isolated in Universe.
    </p>
    <p>
      <img src="./EarthAndMoon/EarthForces.gif">
      
    </p>
    <p>
      Simulation adapted from the book (in Spanish)
    </p>
    <p>
      <b>Creaci&#243;n de Simulaciones Interactivas en Java.</b><br><b><i> 
      Aplicaci&#243;n para la Ense&#241;anza de las Ciencias.<br></i>F. 
      Esquembre</b>
    </p>
    <p>
      (C) Pearson Educaci&#243;n 2004.
    </p>
  </body>
</html>

]]>

</Content>
</Osejs.Description.Page>
</Osejs.Description>
<Osejs.Model>
<Osejs.Model.FramesPerSecond>25</Osejs.Model.FramesPerSecond>
<Osejs.Model.StepsPerDisplay>1</Osejs.Model.StepsPerDisplay>
<Osejs.Model.Autostart>false</Osejs.Model.Autostart>
<Osejs.Model.Variables>
<Osejs.Model.Variables.Page>
<Type>VARIABLE_EDITOR</Type>
<Name>Variables</Name>
<Active>true</Active>
<Content>
<PageComment><![CDATA[]]></PageComment>
<Variable>
<Name><![CDATA[m1]]></Name>
<Value><![CDATA[5.9736]]></Value>
<Type><![CDATA[double]]></Type>
<Dimension><![CDATA[]]></Dimension>
<Comment><![CDATA[mass of the Earth (x 10^24 Kg)]]></Comment>
</Variable>
<Variable>
<Name><![CDATA[m2]]></Name>
<Value><![CDATA[0.07349]]></Value>
<Type><![CDATA[double]]></Type>
<Dimension><![CDATA[]]></Dimension>
<Comment><![CDATA[mass of the Moon (x 10^24 Kg)]]></Comment>
</Variable>
<Variable>
<Name><![CDATA[G]]></Name>
<Value><![CDATA[864.432]]></Value>
<Type><![CDATA[double]]></Type>
<Dimension><![CDATA[]]></Dimension>
<Comment><![CDATA[Constant of universal gracitation (in our own units)]]></Comment>
</Variable>
<Variable>
<Name><![CDATA[t]]></Name>
<Value><![CDATA[0]]></Value>
<Type><![CDATA[double]]></Type>
<Dimension><![CDATA[]]></Dimension>
<Comment><![CDATA[time (in hours)]]></Comment>
</Variable>
<Variable>
<Name><![CDATA[dt]]></Name>
<Value><![CDATA[1]]></Value>
<Type><![CDATA[double]]></Type>
<Dimension><![CDATA[]]></Dimension>
<Comment><![CDATA[increment of time (in hours)]]></Comment>
</Variable>
<Variable>
<Name><![CDATA[x]]></Name>
<Value><![CDATA[405.5]]></Value>
<Type><![CDATA[double]]></Type>
<Dimension><![CDATA[]]></Dimension>
<Comment><![CDATA[the relative X coordinate of the Moon respect to the Earth]]></Comment>
</Variable>
<Variable>
<Name><![CDATA[y]]></Name>
<Value><![CDATA[0]]></Value>
<Type><![CDATA[double]]></Type>
<Dimension><![CDATA[]]></Dimension>
<Comment><![CDATA[the relative Y coordinate of the Moon respect to the Earth]]></Comment>
</Variable>
<Variable>
<Name><![CDATA[vx]]></Name>
<Value><![CDATA[0]]></Value>
<Type><![CDATA[double]]></Type>
<Dimension><![CDATA[]]></Dimension>
<Comment><![CDATA[the relative X velocity of the Moon respect to the Earth]]></Comment>
</Variable>
<Variable>
<Name><![CDATA[vy]]></Name>
<Value><![CDATA[3.4704]]></Value>
<Type><![CDATA[double]]></Type>
<Dimension><![CDATA[]]></Dimension>
<Comment><![CDATA[the relative Y velocity of the Moon respect to the Earth]]></Comment>
</Variable>
<Variable>
<Name><![CDATA[c]]></Name>
<Value><![CDATA[G*(m1+m2)]]></Value>
<Type><![CDATA[double]]></Type>
<Dimension><![CDATA[]]></Dimension>
<Comment><![CDATA[This product]]></Comment>
</Variable>
<Variable>
<Name><![CDATA[zoom]]></Name>
<Value><![CDATA[1.3216]]></Value>
<Type><![CDATA[double]]></Type>
<Dimension><![CDATA[]]></Dimension>
<Comment><![CDATA[zoom drawing factor]]></Comment>
</Variable>

</Content>
</Osejs.Model.Variables.Page>
</Osejs.Model.Variables>
<Osejs.Model.Initialization>
</Osejs.Model.Initialization>
<Osejs.Model.Evolution>
<Osejs.Model.Evolution.Page>
<Type>ODE_EDITOR</Type>
<Name>Evolution page</Name>
<Active>true</Active>
<Content>
<PreliminaryCode>
<Comment><![CDATA[]]></Comment>
<Code><![CDATA[
double power = Math.pow(x*x+y*y,1.5);
]]></Code>
</PreliminaryCode>
<IndependentVariable>t</IndependentVariable>
<Increment>dt</Increment>
<Increment>dt</Increment>
<Rate state="x">vx</Rate>
<Rate state="vx">-c*x/power</Rate>
<Rate state="y">vy</Rate>
<Rate state="vy">-c*y/power</Rate>
<Method>RungeKutta</Method>
<Tolerance></Tolerance>
<Comment><![CDATA[Differential equations for the relative motion]]></Comment>
<Events></Events>

</Content>
</Osejs.Model.Evolution.Page>
</Osejs.Model.Evolution>
<Osejs.Model.Constraints>
</Osejs.Model.Constraints>
<Osejs.Model.Library>
</Osejs.Model.Library>
</Osejs.Model>
<Osejs.View>
<Osejs.View.Creation>
<Osejs.View.Creation.Element>
<Expanded>true</Expanded>
<Type>Elements.Frame</Type>
<Property name="name">drawingFrame</Property>
<Property name="_ejs_mainWindow">true</Property>
<Property name="title"><![CDATA["Frame"]]></Property>
<Property name="layout"><![CDATA[border]]></Property>
<Property name="visible"><![CDATA[true]]></Property>
<Property name="location"><![CDATA["4,22"]]></Property>
<Property name="size"><![CDATA["538,446"]]></Property>
</Osejs.View.Creation.Element>
<Osejs.View.Creation.Element>
<Expanded>true</Expanded>
<Type>Elements.DrawingPanel</Type>
<Property name="name">drawingPanel</Property>
<Property name="parent">drawingFrame</Property>
<Property name="position">center</Property>
<Property name="autoscaleX"><![CDATA[false]]></Property>
<Property name="autoscaleY"><![CDATA[false]]></Property>
<Property name="minimumX"><![CDATA[-500*zoom]]></Property>
<Property name="maximumX"><![CDATA[500*zoom]]></Property>
<Property name="minimumY"><![CDATA[-500*zoom]]></Property>
<Property name="maximumY"><![CDATA[500*zoom]]></Property>
<Property name="square"><![CDATA[true]]></Property>
<Property name="TRmessage"><![CDATA["Body sizes not to scale"]]></Property>
<Property name="background"><![CDATA[DARKGRAY]]></Property>
</Osejs.View.Creation.Element>
<Osejs.View.Creation.Element>
<Type>Elements.Trail2D</Type>
<Property name="name">orbitTrail</Property>
<Property name="parent">drawingPanel</Property>
<Property name="inputX"><![CDATA[x]]></Property>
<Property name="inputY"><![CDATA[y]]></Property>
<Property name="maximumPoints"><![CDATA[10000]]></Property>
<Property name="norepeat"><![CDATA[true]]></Property>
<Property name="lineColor"><![CDATA[WHITE]]></Property>
</Osejs.View.Creation.Element>
<Osejs.View.Creation.Element>
<Type>Elements.Image2D</Type>
<Property name="name">earthImage</Property>
<Property name="parent">drawingPanel</Property>
<Property name="x"><![CDATA[0]]></Property>
<Property name="y"><![CDATA[0]]></Property>
<Property name="sizeX"><![CDATA[180]]></Property>
<Property name="sizeY"><![CDATA[180]]></Property>
<Property name="imageFile"><![CDATA["./EarthAndMoon/Earth.gif"]]></Property>
</Osejs.View.Creation.Element>
<Osejs.View.Creation.Element>
<Type>Elements.Image2D</Type>
<Property name="name">moonImage</Property>
<Property name="parent">drawingPanel</Property>
<Property name="x"><![CDATA[x]]></Property>
<Property name="y"><![CDATA[y]]></Property>
<Property name="sizeX"><![CDATA[140]]></Property>
<Property name="sizeY"><![CDATA[140]]></Property>
<Property name="enabledPosition"><![CDATA[true]]></Property>
<Property name="pressAction"><![CDATA[_view.orbitTrail.setActive(false);]]></Property>
<Property name="releaseAction"><![CDATA[_view.orbitTrail.setActive(true);
_view.orbitTrail.moveToPoint(x,y);]]></Property>
<Property name="imageFile"><![CDATA["./EarthAndMoon/Moon.gif"]]></Property>
<Property name="elementposition"><![CDATA[CENTERED]]></Property>
</Osejs.View.Creation.Element>
<Osejs.View.Creation.Element>
<Expanded>true</Expanded>
<Type>Elements.Panel</Type>
<Property name="name">buttonsPanel</Property>
<Property name="parent">drawingFrame</Property>
<Property name="position">south</Property>
<Property name="layout"><![CDATA[FLOW:center,0,0]]></Property>
<Property name="borderType"><![CDATA[LOWERED_ETCHED]]></Property>
</Osejs.View.Creation.Element>
<Osejs.View.Creation.Element>
<Type>Elements.TwoStateButton</Type>
<Property name="name">playPauseButton</Property>
<Property name="parent">buttonsPanel</Property>
<Property name="variable"><![CDATA[_isPaused]]></Property>
<Property name="imageOn"><![CDATA[/org/opensourcephysics/resources/controls/images/play.gif]]></Property>
<Property name="actionOn"><![CDATA[_play()]]></Property>
<Property name="imageOff"><![CDATA[/org/opensourcephysics/resources/controls/images/pause.gif]]></Property>
<Property name="actionOff"><![CDATA[_pause()]]></Property>
</Osejs.View.Creation.Element>
<Osejs.View.Creation.Element>
<Type>Elements.Button</Type>
<Property name="name">stepButton</Property>
<Property name="parent">buttonsPanel</Property>
<Property name="image"><![CDATA["/org/opensourcephysics/resources/controls/images/stepforward.gif"]]></Property>
<Property name="action"><![CDATA[_step()]]></Property>
</Osejs.View.Creation.Element>
<Osejs.View.Creation.Element>
<Type>Elements.Button</Type>
<Property name="name">resetButton</Property>
<Property name="parent">buttonsPanel</Property>
<Property name="image"><![CDATA[/org/opensourcephysics/resources/controls/images/reset.gif]]></Property>
<Property name="action"><![CDATA[_reset()]]></Property>
</Osejs.View.Creation.Element>
<Osejs.View.Creation.Element>
<Type>Elements.Slider</Type>
<Property name="name">Zoom</Property>
<Property name="parent">drawingFrame</Property>
<Property name="position">west</Property>
<Property name="variable"><![CDATA[zoom]]></Property>
<Property name="minimum"><![CDATA[1]]></Property>
<Property name="maximum"><![CDATA[5]]></Property>
<Property name="orientation"><![CDATA[VERTICAL]]></Property>
<Property name="tooltip"><![CDATA["Drag to zoom"]]></Property>
</Osejs.View.Creation.Element>
</Osejs.View.Creation>
</Osejs.View>
<Osejs.Experiment>
</Osejs.Experiment>
</Osejs>
