<!-- This XML file has been created by Easy Java Simulations (Ejs). Visit http://www.um.es/fem/Ejs. -->
<!-- Please, save the file to your hard disk on your Ejs' user directory and open it with Ejs. -->
<Osejs version="4.0">
<Osejs.Information>
<Title><![CDATA[Collision1D]]></Title>
<Author><![CDATA[Francisco Esquembre (Universidad de Murcia)]]></Author>
<Keywords><![CDATA[Events, rigid disks, collision, conservation laws]]></Keywords>
<Level><![CDATA[]]></Level>
<Language><![CDATA[English]]></Language>
<Abstract><![CDATA[This is a simulation of a one-dimensional collision of two rigid disks.

It is a simple example of the event-handling features of the ODE solvers in Easy Java Simulations.]]></Abstract>
<AdditionalLibraries>
</AdditionalLibraries>
<ImportStatements>
</ImportStatements>
<AuxiliaryFiles><![CDATA[]]></AuxiliaryFiles>
<DetectedFiles><![CDATA[./images/Collision1D.gif;]]></DetectedFiles>
</Osejs.Information>
<Osejs.Description>
<Osejs.Description.Page>
<Type>DESCRIPTION_EDITOR</Type>
<Name>Collision 1D</Name>
<Active>true</Active>
<Content>
<![CDATA[
<html>
  <head>
    
  </head>
  <body>
    <h1>
      Collision 1D
    </h1>
    <p>
      This is a simulation of a one-dimensional collision of two rigid disks.
    </p>
    <p align="center">
      <img src="./images/Collision1D.gif">
      
    </p>
    <p>
      It is a simple example of the event-handling features of the ODE solvers 
      in Easy Java Simulations.
    </p>
  </body>
</html>

]]>

</Content>
</Osejs.Description.Page>
</Osejs.Description>
<Osejs.Model>
<Osejs.Model.FramesPerSecond>10</Osejs.Model.FramesPerSecond>
<Osejs.Model.StepsPerDisplay>1</Osejs.Model.StepsPerDisplay>
<Osejs.Model.Autostart>false</Osejs.Model.Autostart>
<Osejs.Model.Variables>
<Osejs.Model.Variables.Page>
<Type>VARIABLE_EDITOR</Type>
<Name>Var Table</Name>
<Active>true</Active>
<Content>
<PageComment><![CDATA[]]></PageComment>
<Variable>
<Name><![CDATA[max]]></Name>
<Value><![CDATA[1]]></Value>
<Type><![CDATA[double]]></Type>
<Dimension><![CDATA[]]></Dimension>
<Comment><![CDATA[]]></Comment>
</Variable>
<Variable>
<Name><![CDATA[t]]></Name>
<Value><![CDATA[0.0]]></Value>
<Type><![CDATA[double]]></Type>
<Dimension><![CDATA[]]></Dimension>
<Comment><![CDATA[]]></Comment>
</Variable>
<Variable>
<Name><![CDATA[dt]]></Name>
<Value><![CDATA[0.1]]></Value>
<Type><![CDATA[double]]></Type>
<Dimension><![CDATA[]]></Dimension>
<Comment><![CDATA[]]></Comment>
</Variable>
<Variable>
<Name><![CDATA[mass1]]></Name>
<Value><![CDATA[1]]></Value>
<Type><![CDATA[double]]></Type>
<Dimension><![CDATA[]]></Dimension>
<Comment><![CDATA[]]></Comment>
</Variable>
<Variable>
<Name><![CDATA[radius1]]></Name>
<Value><![CDATA[0.1]]></Value>
<Type><![CDATA[double]]></Type>
<Dimension><![CDATA[]]></Dimension>
<Comment><![CDATA[]]></Comment>
</Variable>
<Variable>
<Name><![CDATA[x1]]></Name>
<Value><![CDATA[-0.5]]></Value>
<Type><![CDATA[double]]></Type>
<Dimension><![CDATA[]]></Dimension>
<Comment><![CDATA[]]></Comment>
</Variable>
<Variable>
<Name><![CDATA[vx1]]></Name>
<Value><![CDATA[0.15]]></Value>
<Type><![CDATA[double]]></Type>
<Dimension><![CDATA[]]></Dimension>
<Comment><![CDATA[]]></Comment>
</Variable>
<Variable>
<Name><![CDATA[mass2]]></Name>
<Value><![CDATA[1]]></Value>
<Type><![CDATA[double]]></Type>
<Dimension><![CDATA[]]></Dimension>
<Comment><![CDATA[]]></Comment>
</Variable>
<Variable>
<Name><![CDATA[radius2]]></Name>
<Value><![CDATA[0.1]]></Value>
<Type><![CDATA[double]]></Type>
<Dimension><![CDATA[]]></Dimension>
<Comment><![CDATA[]]></Comment>
</Variable>
<Variable>
<Name><![CDATA[x2]]></Name>
<Value><![CDATA[0.5]]></Value>
<Type><![CDATA[double]]></Type>
<Dimension><![CDATA[]]></Dimension>
<Comment><![CDATA[]]></Comment>
</Variable>
<Variable>
<Name><![CDATA[vx2]]></Name>
<Value><![CDATA[-0.3]]></Value>
<Type><![CDATA[double]]></Type>
<Dimension><![CDATA[]]></Dimension>
<Comment><![CDATA[]]></Comment>
</Variable>
<Variable>
<Name><![CDATA[y]]></Name>
<Value><![CDATA[0.0]]></Value>
<Type><![CDATA[double]]></Type>
<Dimension><![CDATA[]]></Dimension>
<Comment><![CDATA[]]></Comment>
</Variable>
<Variable>
<Name><![CDATA[vy]]></Name>
<Value><![CDATA[0.0]]></Value>
<Type><![CDATA[double]]></Type>
<Dimension><![CDATA[]]></Dimension>
<Comment><![CDATA[]]></Comment>
</Variable>
<Variable>
<Name><![CDATA[]]></Name>
<Value><![CDATA[]]></Value>
<Type><![CDATA[double]]></Type>
<Dimension><![CDATA[]]></Dimension>
<Comment><![CDATA[]]></Comment>
</Variable>

</Content>
</Osejs.Model.Variables.Page>
</Osejs.Model.Variables>
<Osejs.Model.Initialization>
</Osejs.Model.Initialization>
<Osejs.Model.Evolution>
<Osejs.Model.Evolution.Page>
<Type>ODE_EDITOR</Type>
<Name>Equations</Name>
<Active>true</Active>
<Content>
<IndependentVariable>t</IndependentVariable>
<Increment>dt</Increment>
<Rate state="x1">vx1</Rate>
<Rate state="x2">vx2</Rate>
<Method>MidPoint</Method>
<Tolerance></Tolerance>
<Comment><![CDATA[]]></Comment>
<Events><Event.Page>
<Type>EVENT_EDITOR</Type>
<Name>Event</Name>
<Active>true</Active>
<EventContent>
<Comment><![CDATA[]]></Comment>
<ZeroCondition><![CDATA[
return Math.abs(x1-x2)-(radius1+radius2);
]]></ZeroCondition>
<Tolerance><![CDATA[0.0001]]></Tolerance>
<Action><![CDATA[
double v_temp = vx1;
vx1 = (2*mass2*vx2   +(mass1-mass2)*vx1)/(mass1+mass2);
vx2 = (2*mass2*v_temp+(mass2-mass1)*vx2)/(mass1+mass2);

]]></Action>
<StopAtEvent>true</StopAtEvent>

</EventContent>
</Event.Page>
</Events>

</Content>
</Osejs.Model.Evolution.Page>
<Osejs.Model.Evolution.Page>
<Type>EVOLUTION_EDITOR</Type>
<Name>Pause condition</Name>
<Active>true</Active>
<Content>
<Comment><![CDATA[]]></Comment>
<Code><![CDATA[
if (x1>max || x1<-max || x2>max || x2<-max) _pause();
]]></Code>

</Content>
</Osejs.Model.Evolution.Page>
</Osejs.Model.Evolution>
<Osejs.Model.Constraints>
</Osejs.Model.Constraints>
<Osejs.Model.Library>
</Osejs.Model.Library>
</Osejs.Model>
<Osejs.View>
<Osejs.View.Creation>
<Osejs.View.Creation.Element>
<Expanded>true</Expanded>
<Type>Elements.Frame</Type>
<Property name="name">drawingFrame</Property>
<Property name="_ejs_mainWindow">true</Property>
<Property name="title"><![CDATA["Collision in one dimension"]]></Property>
<Property name="layout"><![CDATA[border]]></Property>
<Property name="visible"><![CDATA[true]]></Property>
<Property name="size"><![CDATA["300,300"]]></Property>
</Osejs.View.Creation.Element>
<Osejs.View.Creation.Element>
<Expanded>true</Expanded>
<Type>Elements.DrawingPanel</Type>
<Property name="name">drawingPanel</Property>
<Property name="parent">drawingFrame</Property>
<Property name="position">center</Property>
<Property name="autoscaleX"><![CDATA[false]]></Property>
<Property name="autoscaleY"><![CDATA[false]]></Property>
<Property name="minimumX"><![CDATA[-1.0]]></Property>
<Property name="maximumX"><![CDATA[1.0]]></Property>
<Property name="minimumY"><![CDATA[-1.0]]></Property>
<Property name="maximumY"><![CDATA[1.0]]></Property>
</Osejs.View.Creation.Element>
<Osejs.View.Creation.Element>
<Type>Elements.Particle</Type>
<Property name="name">particle1</Property>
<Property name="parent">drawingPanel</Property>
<Property name="x"><![CDATA[x1]]></Property>
<Property name="y"><![CDATA[y]]></Property>
<Property name="sizex"><![CDATA[2*radius1]]></Property>
<Property name="sizey"><![CDATA[2*radius1]]></Property>
<Property name="enabled"><![CDATA[true]]></Property>
<Property name="dragaction"><![CDATA[y = 0.0;]]></Property>
<Property name="color"><![CDATA[pink]]></Property>
</Osejs.View.Creation.Element>
<Osejs.View.Creation.Element>
<Type>Elements.Arrow</Type>
<Property name="name">velocity1</Property>
<Property name="parent">drawingPanel</Property>
<Property name="x"><![CDATA[x1]]></Property>
<Property name="y"><![CDATA[y]]></Property>
<Property name="sizex"><![CDATA[vx1]]></Property>
<Property name="sizey"><![CDATA[vy]]></Property>
<Property name="enabled"><![CDATA[true]]></Property>
<Property name="dragaction"><![CDATA[vy = 0.0;]]></Property>
</Osejs.View.Creation.Element>
<Osejs.View.Creation.Element>
<Type>Elements.Particle</Type>
<Property name="name">particle2</Property>
<Property name="parent">drawingPanel</Property>
<Property name="x"><![CDATA[x2]]></Property>
<Property name="y"><![CDATA[y]]></Property>
<Property name="sizex"><![CDATA[2*radius2]]></Property>
<Property name="sizey"><![CDATA[2*radius2]]></Property>
<Property name="enabled"><![CDATA[true]]></Property>
<Property name="dragaction"><![CDATA[y = 0.0;]]></Property>
<Property name="color"><![CDATA[pink]]></Property>
</Osejs.View.Creation.Element>
<Osejs.View.Creation.Element>
<Type>Elements.Arrow</Type>
<Property name="name">velocity2</Property>
<Property name="parent">drawingPanel</Property>
<Property name="x"><![CDATA[x2]]></Property>
<Property name="y"><![CDATA[y]]></Property>
<Property name="sizex"><![CDATA[vx2]]></Property>
<Property name="sizey"><![CDATA[vy]]></Property>
<Property name="sizez"><![CDATA[0.0]]></Property>
<Property name="enabled"><![CDATA[true]]></Property>
<Property name="dragaction"><![CDATA[vy = 0.0;]]></Property>
</Osejs.View.Creation.Element>
<Osejs.View.Creation.Element>
<Expanded>true</Expanded>
<Type>Elements.Panel</Type>
<Property name="name">buttonsPanel</Property>
<Property name="parent">drawingFrame</Property>
<Property name="position">south</Property>
<Property name="layout"><![CDATA[grid:1,0,0,0]]></Property>
</Osejs.View.Creation.Element>
<Osejs.View.Creation.Element>
<Type>Elements.TwoStateButton</Type>
<Property name="name">startStopButton</Property>
<Property name="parent">buttonsPanel</Property>
<Property name="variable"><![CDATA[_isPaused]]></Property>
<Property name="textOn"><![CDATA[Play]]></Property>
<Property name="actionOn"><![CDATA[_play()]]></Property>
<Property name="textOff"><![CDATA[Pause]]></Property>
<Property name="actionOff"><![CDATA[_pause()]]></Property>
</Osejs.View.Creation.Element>
<Osejs.View.Creation.Element>
<Type>Elements.Button</Type>
<Property name="name">resetButton</Property>
<Property name="parent">buttonsPanel</Property>
<Property name="text"><![CDATA[Reset]]></Property>
<Property name="action"><![CDATA[_reset()]]></Property>
</Osejs.View.Creation.Element>
</Osejs.View.Creation>
</Osejs.View>
<Osejs.Experiment>
</Osejs.Experiment>
</Osejs>
