<!-- This XML file has been created by Easy Java Simulations (Ejs). Visit http://www.um.es/fem/Ejs. -->
<!-- Please, save the file to your hard disk on your Ejs' user directory and open it with Ejs. -->
<Osejs version="4.1">
<Osejs.Information>
<Title><![CDATA[]]></Title>
<Author><![CDATA[Francisco Esquembre - Universidad de Murcia, Spain]]></Author>
<Keywords><![CDATA[]]></Keywords>
<Level><![CDATA[]]></Level>
<Language><![CDATA[]]></Language>
<Abstract><![CDATA[e-mail: fem@um.es]]></Abstract>
<CaptureTools>false</CaptureTools>
<DataTools>false</DataTools>
<LanguageTools>false</LanguageTools>
<AdditionalLibraries>
</AdditionalLibraries>
<ImportStatements>
</ImportStatements>
<AuxiliaryFiles><![CDATA[]]></AuxiliaryFiles>
<DetectedFiles><![CDATA[./HistogramExample/HistogramExample.jpg;]]></DetectedFiles>
</Osejs.Information>
<Osejs.Description>
<Osejs.Description.Page>
<Type>DESCRIPTION_EDITOR</Type>
<Name>Binomial</Name>
<Active>true</Active>
<Content>
<![CDATA[
<html>
  <head>
    
  </head>
  <body>
    <h2>
      Binomial distribution
    </h2>
    <p style="margin-top: 0">
      
    </p>
    <p style="margin-top: 0">
      This simulation computes the binomial distribution by rolling a dice a 
      number of times and counting how many 'sixes' we obtain.
    </p>
    <p style="margin-top: 0">
      
    </p>
    <p style="margin-top: 0">
      We use a histogram to display the results over time.
    </p>
    <p style="margin-top: 0">
      
    </p>
    <p align="center" style="margin-top: 0">
      <img src="./HistogramExample/HistogramExample.jpg">
    </p>
  </body>
</html>

]]>

</Content>
</Osejs.Description.Page>
</Osejs.Description>
<Osejs.Model>
<Osejs.Model.FramesPerSecond>20</Osejs.Model.FramesPerSecond>
<Osejs.Model.StepsPerDisplay>spd</Osejs.Model.StepsPerDisplay>
<Osejs.Model.Autostart>false</Osejs.Model.Autostart>
<Osejs.Model.Variables>
<Osejs.Model.Variables.Page>
<Type>VARIABLE_EDITOR</Type>
<Name>Var Table</Name>
<Active>true</Active>
<Content>
<PageComment><![CDATA[]]></PageComment>
<Variable>
<Name><![CDATA[times]]></Name>
<Value><![CDATA[100]]></Value>
<Type><![CDATA[int]]></Type>
<Dimension><![CDATA[]]></Dimension>
<Comment><![CDATA[Number of times to roll a dice]]></Comment>
</Variable>
<Variable>
<Name><![CDATA[sixes]]></Name>
<Value><![CDATA[rollADice(times)]]></Value>
<Type><![CDATA[int]]></Type>
<Dimension><![CDATA[]]></Dimension>
<Comment><![CDATA[Number of sixes found]]></Comment>
</Variable>
<Variable>
<Name><![CDATA[experiments]]></Name>
<Value><![CDATA[1]]></Value>
<Type><![CDATA[int]]></Type>
<Dimension><![CDATA[]]></Dimension>
<Comment><![CDATA[total number of experiments performed]]></Comment>
</Variable>
<Variable>
<Name><![CDATA[spd]]></Name>
<Value><![CDATA[1]]></Value>
<Type><![CDATA[int]]></Type>
<Dimension><![CDATA[]]></Dimension>
<Comment><![CDATA[number of experiments per cycle]]></Comment>
</Variable>
<Variable>
<Name><![CDATA[]]></Name>
<Value><![CDATA[]]></Value>
<Type><![CDATA[int]]></Type>
<Dimension><![CDATA[]]></Dimension>
<Comment><![CDATA[]]></Comment>
</Variable>

</Content>
</Osejs.Model.Variables.Page>
</Osejs.Model.Variables>
<Osejs.Model.Initialization>
</Osejs.Model.Initialization>
<Osejs.Model.Evolution>
<Osejs.Model.Evolution.Page>
<Type>EVOLUTION_EDITOR</Type>
<Name>Evol Page</Name>
<Active>true</Active>
<Content>
<Comment><![CDATA[]]></Comment>
<Code><![CDATA[
sixes = rollADice(times);
experiments++;

]]></Code>

</Content>
</Osejs.Model.Evolution.Page>
</Osejs.Model.Evolution>
<Osejs.Model.Constraints>
</Osejs.Model.Constraints>
<Osejs.Model.Library>
<Osejs.Model.Library.Page>
<Type>LIBRARY_EDITOR</Type>
<Name>rollDice</Name>
<Active>true</Active>
<Content>
<Comment><![CDATA[]]></Comment>
<Code><![CDATA[
public int rollADice (int n) {
  // Roll a standard dice n times 
  // and count the number of sixes. 
  int counter = 0;
  for (int i=0; i<n; i++) {
    int dice = (int) (6*Math.random()) + 1;
    if (dice==6) counter ++;
  }
  return counter;
}
]]></Code>

</Content>
</Osejs.Model.Library.Page>
</Osejs.Model.Library>
</Osejs.Model>
<Osejs.View>
<Osejs.View.Creation>
<Osejs.View.Creation.Element>
<Expanded>true</Expanded>
<Type>Elements.Frame</Type>
<Property name="name">plottingFrame</Property>
<Property name="_ejs_mainWindow">true</Property>
<Property name="title"><![CDATA["Binomial distribution"]]></Property>
<Property name="layout"><![CDATA[border]]></Property>
<Property name="visible"><![CDATA[true]]></Property>
<Property name="size"><![CDATA["512,330"]]></Property>
</Osejs.View.Creation.Element>
<Osejs.View.Creation.Element>
<Expanded>true</Expanded>
<Type>Elements.PlottingPanel</Type>
<Property name="name">plottingPanel</Property>
<Property name="parent">plottingFrame</Property>
<Property name="position">center</Property>
<Property name="autoscaleX"><![CDATA[true]]></Property>
<Property name="autoscaleY"><![CDATA[true]]></Property>
<Property name="minimumX"><![CDATA[0]]></Property>
<Property name="maximumX"><![CDATA[20]]></Property>
<Property name="minimumY"><![CDATA[0]]></Property>
<Property name="maximumY"><![CDATA[0.15]]></Property>
<Property name="title"><![CDATA["Probability mass function"]]></Property>
</Osejs.View.Creation.Element>
<Osejs.View.Creation.Element>
<Type>Elements.Histogram</Type>
<Property name="name">histogram</Property>
<Property name="parent">plottingPanel</Property>
<Property name="input"><![CDATA[sixes]]></Property>
<Property name="discrete"><![CDATA[false]]></Property>
<Property name="normalized"><![CDATA[true]]></Property>
</Osejs.View.Creation.Element>
<Osejs.View.Creation.Element>
<Expanded>true</Expanded>
<Type>Elements.Panel</Type>
<Property name="name">buttonsPanel</Property>
<Property name="parent">plottingFrame</Property>
<Property name="position">south</Property>
<Property name="layout"><![CDATA[FLOW:center,0,0]]></Property>
<Property name="borderType"><![CDATA[LOWERED_ETCHED]]></Property>
</Osejs.View.Creation.Element>
<Osejs.View.Creation.Element>
<Type>Elements.CheckBox</Type>
<Property name="name">highSpeed</Property>
<Property name="parent">buttonsPanel</Property>
<Property name="text"><![CDATA["High speed "]]></Property>
<Property name="actionon"><![CDATA[spd = 100]]></Property>
<Property name="actionoff"><![CDATA[spd = 1]]></Property>
</Osejs.View.Creation.Element>
<Osejs.View.Creation.Element>
<Type>Elements.TwoStateButton</Type>
<Property name="name">playPauseButton</Property>
<Property name="parent">buttonsPanel</Property>
<Property name="variable"><![CDATA[_isPaused]]></Property>
<Property name="imageOn"><![CDATA[/org/opensourcephysics/resources/controls/images/play.gif]]></Property>
<Property name="actionOn"><![CDATA[_play()]]></Property>
<Property name="imageOff"><![CDATA[/org/opensourcephysics/resources/controls/images/pause.gif]]></Property>
<Property name="actionOff"><![CDATA[_pause()]]></Property>
</Osejs.View.Creation.Element>
<Osejs.View.Creation.Element>
<Type>Elements.Button</Type>
<Property name="name">resetButton</Property>
<Property name="parent">buttonsPanel</Property>
<Property name="image"><![CDATA[/org/opensourcephysics/resources/controls/images/reset.gif]]></Property>
<Property name="action"><![CDATA[_reset()]]></Property>
</Osejs.View.Creation.Element>
<Osejs.View.Creation.Element>
<Type>Elements.Label</Type>
<Property name="name">aFieldLabel</Property>
<Property name="parent">buttonsPanel</Property>
<Property name="text"><![CDATA[" Experiments="]]></Property>
</Osejs.View.Creation.Element>
<Osejs.View.Creation.Element>
<Type>Elements.ParsedField</Type>
<Property name="name">aField</Property>
<Property name="parent">buttonsPanel</Property>
<Property name="variable"><![CDATA[experiments]]></Property>
<Property name="format"><![CDATA["0"]]></Property>
<Property name="editable"><![CDATA[false]]></Property>
<Property name="columns"><![CDATA[4]]></Property>
</Osejs.View.Creation.Element>
</Osejs.View.Creation>
</Osejs.View>
<Osejs.Experiment>
</Osejs.Experiment>
</Osejs>
