<!-- This XML file has been created by Easy Java Simulations (Ejs). Visit http://www.um.es/fem/Ejs. -->
<!-- Please, save the file to your hard disk on your Ejs' user directory and open it with Ejs. -->
<Osejs version="4.1">
<Osejs.Information>
<Title><![CDATA[]]></Title>
<Author><![CDATA[]]></Author>
<Keywords><![CDATA[]]></Keywords>
<Level><![CDATA[]]></Level>
<Language><![CDATA[]]></Language>
<Abstract><![CDATA[]]></Abstract>
<AdditionalLibraries>
</AdditionalLibraries>
<ImportStatements>
<Import><![CDATA[org.opensourcephysics.numerics.Matrix3DTransformation]]></Import>
</ImportStatements>
<AuxiliaryFiles><![CDATA[]]></AuxiliaryFiles>
<DetectedFiles><![CDATA[./LorentForce/LorentzForce.gif;]]></DetectedFiles>
</Osejs.Information>
<Osejs.Description>
<Osejs.Description.Page>
<Type>DESCRIPTION_EDITOR</Type>
<Name>Lorentz forces</Name>
<Active>true</Active>
<Content>
<![CDATA[
<html>
  <head>
    
  </head>
  <body>
    <h2>
      Lorentz force on a wire
    </h2>
    <p align="left">
      This program simulates the force exerted by a magnetic field between two 
      magnets on an electrical current trough a wire.
    </p>
    <p>
      The wire is suspended on a spring and will oscillate when the battery 
      (which is connected to the ends of the wire) is turned on and off, the 
      angle of the wire with respect to the magnetic field is changed, or the 
      poles of the magnets are switched.
    </p>
    <p align="center">
      <img src="./LorentForce/LorentzForce.gif">
    </p>
  </body>
</html>

]]>

</Content>
</Osejs.Description.Page>
</Osejs.Description>
<Osejs.Model>
<Osejs.Model.FramesPerSecond>25</Osejs.Model.FramesPerSecond>
<Osejs.Model.StepsPerDisplay>1</Osejs.Model.StepsPerDisplay>
<Osejs.Model.Autostart>true</Osejs.Model.Autostart>
<Osejs.Model.Variables>
<Osejs.Model.Variables.Page>
<Type>VARIABLE_EDITOR</Type>
<Name>Var Table</Name>
<Active>true</Active>
<Content>
<PageComment><![CDATA[]]></PageComment>
<Variable>
<Name><![CDATA[t]]></Name>
<Value><![CDATA[0.0]]></Value>
<Type><![CDATA[double]]></Type>
<Dimension><![CDATA[]]></Dimension>
<Comment><![CDATA[]]></Comment>
</Variable>
<Variable>
<Name><![CDATA[dt]]></Name>
<Value><![CDATA[0.01]]></Value>
<Type><![CDATA[double]]></Type>
<Dimension><![CDATA[]]></Dimension>
<Comment><![CDATA[]]></Comment>
</Variable>
<Variable>
<Name><![CDATA[dz]]></Name>
<Value><![CDATA[0.0]]></Value>
<Type><![CDATA[double]]></Type>
<Dimension><![CDATA[]]></Dimension>
<Comment><![CDATA[]]></Comment>
</Variable>
<Variable>
<Name><![CDATA[vz]]></Name>
<Value><![CDATA[0.0]]></Value>
<Type><![CDATA[double]]></Type>
<Dimension><![CDATA[]]></Dimension>
<Comment><![CDATA[]]></Comment>
</Variable>
<Variable>
<Name><![CDATA[density]]></Name>
<Value><![CDATA[1]]></Value>
<Type><![CDATA[double]]></Type>
<Dimension><![CDATA[]]></Dimension>
<Comment><![CDATA[]]></Comment>
</Variable>
<Variable>
<Name><![CDATA[k]]></Name>
<Value><![CDATA[1]]></Value>
<Type><![CDATA[double]]></Type>
<Dimension><![CDATA[]]></Dimension>
<Comment><![CDATA[]]></Comment>
</Variable>
<Variable>
<Name><![CDATA[b]]></Name>
<Value><![CDATA[1]]></Value>
<Type><![CDATA[double]]></Type>
<Dimension><![CDATA[]]></Dimension>
<Comment><![CDATA[]]></Comment>
</Variable>
<Variable>
<Name><![CDATA[l]]></Name>
<Value><![CDATA[0.5]]></Value>
<Type><![CDATA[double]]></Type>
<Dimension><![CDATA[]]></Dimension>
<Comment><![CDATA[]]></Comment>
</Variable>
<Variable>
<Name><![CDATA[m]]></Name>
<Value><![CDATA[l*density]]></Value>
<Type><![CDATA[double]]></Type>
<Dimension><![CDATA[]]></Dimension>
<Comment><![CDATA[]]></Comment>
</Variable>
<Variable>
<Name><![CDATA[I]]></Name>
<Value><![CDATA[1]]></Value>
<Type><![CDATA[double]]></Type>
<Dimension><![CDATA[]]></Dimension>
<Comment><![CDATA[]]></Comment>
</Variable>
<Variable>
<Name><![CDATA[alpha]]></Name>
<Value><![CDATA[3.139999999990373E-5]]></Value>
<Type><![CDATA[double]]></Type>
<Dimension><![CDATA[]]></Dimension>
<Comment><![CDATA[]]></Comment>
</Variable>
<Variable>
<Name><![CDATA[connected]]></Name>
<Value><![CDATA[false]]></Value>
<Type><![CDATA[boolean]]></Type>
<Dimension><![CDATA[]]></Dimension>
<Comment><![CDATA[]]></Comment>
</Variable>
<Variable>
<Name><![CDATA[]]></Name>
<Value><![CDATA[]]></Value>
<Type><![CDATA[boolean]]></Type>
<Dimension><![CDATA[]]></Dimension>
<Comment><![CDATA[]]></Comment>
</Variable>

</Content>
</Osejs.Model.Variables.Page>
<Osejs.Model.Variables.Page>
<Type>VARIABLE_EDITOR</Type>
<Name>B field</Name>
<Active>true</Active>
<Content>
<PageComment><![CDATA[]]></PageComment>
<Variable>
<Name><![CDATA[changePosition]]></Name>
<Value><![CDATA[false]]></Value>
<Type><![CDATA[boolean]]></Type>
<Dimension><![CDATA[]]></Dimension>
<Comment><![CDATA[]]></Comment>
</Variable>
<Variable>
<Name><![CDATA[B]]></Name>
<Value><![CDATA[1]]></Value>
<Type><![CDATA[double]]></Type>
<Dimension><![CDATA[]]></Dimension>
<Comment><![CDATA[]]></Comment>
</Variable>
<Variable>
<Name><![CDATA[nArrows]]></Name>
<Value><![CDATA[3]]></Value>
<Type><![CDATA[int]]></Type>
<Dimension><![CDATA[]]></Dimension>
<Comment><![CDATA[]]></Comment>
</Variable>
<Variable>
<Name><![CDATA[x]]></Name>
<Value><![CDATA[0.0]]></Value>
<Type><![CDATA[double]]></Type>
<Dimension><![CDATA[[nArrows*nArrows*nArrows]]]></Dimension>
<Comment><![CDATA[]]></Comment>
</Variable>
<Variable>
<Name><![CDATA[y]]></Name>
<Value><![CDATA[0.0]]></Value>
<Type><![CDATA[double]]></Type>
<Dimension><![CDATA[[nArrows*nArrows*nArrows]]]></Dimension>
<Comment><![CDATA[]]></Comment>
</Variable>
<Variable>
<Name><![CDATA[z]]></Name>
<Value><![CDATA[0.0]]></Value>
<Type><![CDATA[double]]></Type>
<Dimension><![CDATA[[nArrows*nArrows*nArrows]]]></Dimension>
<Comment><![CDATA[]]></Comment>
</Variable>
<Variable>
<Name><![CDATA[arrowsSize]]></Name>
<Value><![CDATA[0.0]]></Value>
<Type><![CDATA[double]]></Type>
<Dimension><![CDATA[]]></Dimension>
<Comment><![CDATA[]]></Comment>
</Variable>
<Variable>
<Name><![CDATA[]]></Name>
<Value><![CDATA[]]></Value>
<Type><![CDATA[double]]></Type>
<Dimension><![CDATA[]]></Dimension>
<Comment><![CDATA[]]></Comment>
</Variable>

</Content>
</Osejs.Model.Variables.Page>
</Osejs.Model.Variables>
<Osejs.Model.Initialization>
<Osejs.Model.Initialization.Page>
<Type>CODE_EDITOR</Type>
<Name>Init Page</Name>
<Active>true</Active>
<Content>
<Comment><![CDATA[]]></Comment>
<Code><![CDATA[
changePositions ();
]]></Code>

</Content>
</Osejs.Model.Initialization.Page>
</Osejs.Model.Initialization>
<Osejs.Model.Evolution>
<Osejs.Model.Evolution.Page>
<Type>ODE_EDITOR</Type>
<Name>Evol Page</Name>
<Active>true</Active>
<Content>
<PreliminaryCode>
<Comment><![CDATA[]]></Comment>
<Code><![CDATA[

]]></Code>
</PreliminaryCode>
<IndependentVariable>t</IndependentVariable>
<Increment>dt</Increment>
<Increment>dt</Increment>
<Rate state="dz">vz</Rate>
<Rate state="vz">-k*dz/m -b*vz - force();</Rate>
<Rate state=""></Rate>
<Method>MidPoint</Method>
<Tolerance>0.001</Tolerance>
<Comment><![CDATA[]]></Comment>

</Content>
</Osejs.Model.Evolution.Page>
</Osejs.Model.Evolution>
<Osejs.Model.Constraints>
<Osejs.Model.Constraints.Page>
<Type>CODE_EDITOR</Type>
<Name>Cons Page</Name>
<Active>true</Active>
<Content>
<Comment><![CDATA[]]></Comment>
<Code><![CDATA[
Matrix3DTransformation rotAlpha = Matrix3DTransformation.rotationZ(alpha);

_view.segment3D.setTransformation(rotAlpha);
_view.segment3D2.setTransformation(rotAlpha);
]]></Code>

</Content>
</Osejs.Model.Constraints.Page>
</Osejs.Model.Constraints>
<Osejs.Model.Library>
<Osejs.Model.Library.Page>
<Type>LIBRARY_EDITOR</Type>
<Name>force</Name>
<Active>true</Active>
<Content>
<Comment><![CDATA[]]></Comment>
<Code><![CDATA[
public double force () {
  if (!connected) return 0.0;
  if (changePosition) return -B*I*l*Math.cos(alpha);
  else return B*I*l*Math.cos(alpha);
}
]]></Code>

</Content>
</Osejs.Model.Library.Page>
<Osejs.Model.Library.Page>
<Type>LIBRARY_EDITOR</Type>
<Name>changePositions</Name>
<Active>true</Active>
<Content>
<Comment><![CDATA[]]></Comment>
<Code><![CDATA[
public void changePositions () {
  if (changePosition) { 
    _view.blueMagnet.getStyle().setFillColor(java.awt.Color.RED);
    _view.redMagnet.getStyle().setFillColor(java.awt.Color.BLUE);
    arrowsSize = -1.0/nArrows;
  }
  else {
    _view.redMagnet.getStyle().setFillColor(java.awt.Color.RED);
    _view.blueMagnet.getStyle().setFillColor(java.awt.Color.BLUE);
    arrowsSize = 1.0/nArrows;
  }
  for (int i=0; i<nArrows; i++) {
    for (int j=0; j<nArrows; j++) {
      for (int k=0; k<nArrows; k++) {
        int index = i*nArrows*nArrows + j*nArrows + k;
        if (changePosition) y[index] = +0.5 - k*1.0/nArrows;
        else y[index] = -0.5 + k*1.0/nArrows;;
        x[index] = -1.0/nArrows + i*1.0/nArrows;
        z[index] = -0.6/nArrows + j*0.6/nArrows;
      }
    }
  }
}
]]></Code>

</Content>
</Osejs.Model.Library.Page>
</Osejs.Model.Library>
</Osejs.Model>
<Osejs.View>
<Osejs.View.Creation>
<Osejs.View.Creation.Element>
<Expanded>true</Expanded>
<Type>Elements.Frame</Type>
<Property name="name">drawingFrame</Property>
<Property name="_ejs_mainWindow">true</Property>
<Property name="title"><![CDATA[Frame]]></Property>
<Property name="layout"><![CDATA[border]]></Property>
<Property name="visible"><![CDATA[true]]></Property>
<Property name="size"><![CDATA["532,561"]]></Property>
</Osejs.View.Creation.Element>
<Osejs.View.Creation.Element>
<Expanded>true</Expanded>
<Type>Elements.Display3DPanel</Type>
<Property name="name">drawingPanel3D</Property>
<Property name="parent">drawingFrame</Property>
<Property name="position">center</Property>
<Property name="minimumX"><![CDATA[-1.0]]></Property>
<Property name="maximumX"><![CDATA[1.0]]></Property>
<Property name="minimumY"><![CDATA[-1.0]]></Property>
<Property name="maximumY"><![CDATA[1.0]]></Property>
<Property name="minimumZ"><![CDATA[-1.0]]></Property>
<Property name="maximumZ"><![CDATA[1.0]]></Property>
<Property name="cameraAzimuth"><![CDATA[0.44000000000000017]]></Property>
<Property name="cameraAltitude"><![CDATA[0.19499999999999995]]></Property>
<Property name="cameraFocusX"><![CDATA[0.0]]></Property>
<Property name="cameraFocusY"><![CDATA[0.0]]></Property>
<Property name="cameraFocusZ"><![CDATA[0.0]]></Property>
<Property name="cameraRotation"><![CDATA[0.0]]></Property>
<Property name="cameraDistanceToScreen"><![CDATA[5.0]]></Property>
<Property name="implementation"><![CDATA[SIMPLE3D]]></Property>
<Property name="decorationType"><![CDATA[NONE]]></Property>
<Property name="allowQuickRedraw"><![CDATA[false]]></Property>
</Osejs.View.Creation.Element>
<Osejs.View.Creation.Element>
<Type>Elements.Box3D</Type>
<Property name="name">redMagnet</Property>
<Property name="parent">drawingPanel3D</Property>
<Property name="y"><![CDATA[-1.5]]></Property>
<Property name="sizeY"><![CDATA[2]]></Property>
<Property name="sizeZ"><![CDATA[0.6]]></Property>
<Property name="fillColor"><![CDATA[RED]]></Property>
<Property name="resolution"><![CDATA[1,1,1]]></Property>
</Osejs.View.Creation.Element>
<Osejs.View.Creation.Element>
<Type>Elements.Box3D</Type>
<Property name="name">blueMagnet</Property>
<Property name="parent">drawingPanel3D</Property>
<Property name="y"><![CDATA[+1.5]]></Property>
<Property name="sizeY"><![CDATA[2]]></Property>
<Property name="sizeZ"><![CDATA[0.6]]></Property>
<Property name="resolution"><![CDATA[1,1,1]]></Property>
</Osejs.View.Creation.Element>
<Osejs.View.Creation.Element>
<Type>Elements.Spring3D</Type>
<Property name="name">spring3D</Property>
<Property name="parent">drawingPanel3D</Property>
<Property name="z"><![CDATA[1]]></Property>
<Property name="sizeX"><![CDATA[0]]></Property>
<Property name="sizeY"><![CDATA[0]]></Property>
<Property name="sizeZ"><![CDATA[-1+dz]]></Property>
<Property name="radius"><![CDATA[0.03]]></Property>
</Osejs.View.Creation.Element>
<Osejs.View.Creation.Element>
<Type>Elements.Segment3D</Type>
<Property name="name">segment3D</Property>
<Property name="parent">drawingPanel3D</Property>
<Property name="x"><![CDATA[0]]></Property>
<Property name="y"><![CDATA[0]]></Property>
<Property name="z"><![CDATA[dz]]></Property>
<Property name="sizeX"><![CDATA[0.25]]></Property>
<Property name="sizeY"><![CDATA[0]]></Property>
<Property name="sizeZ"><![CDATA[0]]></Property>
<Property name="lineColor"><![CDATA[ORANGE]]></Property>
<Property name="lineWidth"><![CDATA[4]]></Property>
</Osejs.View.Creation.Element>
<Osejs.View.Creation.Element>
<Type>Elements.Segment3D</Type>
<Property name="name">segment3D2</Property>
<Property name="parent">drawingPanel3D</Property>
<Property name="x"><![CDATA[0]]></Property>
<Property name="y"><![CDATA[0]]></Property>
<Property name="z"><![CDATA[dz]]></Property>
<Property name="sizeX"><![CDATA[-0.25]]></Property>
<Property name="sizeY"><![CDATA[0]]></Property>
<Property name="sizeZ"><![CDATA[0]]></Property>
<Property name="lineColor"><![CDATA[ORANGE]]></Property>
<Property name="lineWidth"><![CDATA[4]]></Property>
</Osejs.View.Creation.Element>
<Osejs.View.Creation.Element>
<Type>Elements.ArrowSet3D</Type>
<Property name="name">filedArrows</Property>
<Property name="parent">drawingPanel3D</Property>
<Property name="numberOfElements"><![CDATA[nArrows*nArrows*nArrows]]></Property>
<Property name="x"><![CDATA[x]]></Property>
<Property name="y"><![CDATA[y]]></Property>
<Property name="z"><![CDATA[z]]></Property>
<Property name="sizeX"><![CDATA[0]]></Property>
<Property name="sizeY"><![CDATA[arrowsSize]]></Property>
<Property name="sizeZ"><![CDATA[0]]></Property>
<Property name="visible"><![CDATA[showField]]></Property>
<Property name="lineColor"><![CDATA[0,128,0,127]]></Property>
<Property name="fillColor"><![CDATA[0,128,0,127]]></Property>
</Osejs.View.Creation.Element>
<Osejs.View.Creation.Element>
<Type>Elements.Box3D</Type>
<Property name="name">topBox</Property>
<Property name="parent">drawingPanel3D</Property>
<Property name="z"><![CDATA[1+0.05]]></Property>
<Property name="sizeX"><![CDATA[0.4]]></Property>
<Property name="sizeY"><![CDATA[0.4]]></Property>
<Property name="sizeZ"><![CDATA[0.1]]></Property>
<Property name="fillColor"><![CDATA[LIGHTGRAY]]></Property>
<Property name="resolution"><![CDATA[1,1,1]]></Property>
</Osejs.View.Creation.Element>
<Osejs.View.Creation.Element>
<Expanded>true</Expanded>
<Type>Elements.Panel</Type>
<Property name="name">bottomPanel</Property>
<Property name="parent">drawingFrame</Property>
<Property name="position">south</Property>
<Property name="layout"><![CDATA[border]]></Property>
</Osejs.View.Creation.Element>
<Osejs.View.Creation.Element>
<Expanded>true</Expanded>
<Type>Elements.Panel</Type>
<Property name="name">buttonsPanel</Property>
<Property name="parent">bottomPanel</Property>
<Property name="position">north</Property>
<Property name="layout"><![CDATA[grid:1,0,0,0]]></Property>
</Osejs.View.Creation.Element>
<Osejs.View.Creation.Element>
<Type>Elements.TwoStateButton</Type>
<Property name="name">startStopButton</Property>
<Property name="parent">buttonsPanel</Property>
<Property name="variable"><![CDATA[_isPaused]]></Property>
<Property name="textOn"><![CDATA[Play]]></Property>
<Property name="actionOn"><![CDATA[_play()]]></Property>
<Property name="textOff"><![CDATA[Pause]]></Property>
<Property name="actionOff"><![CDATA[_pause()]]></Property>
</Osejs.View.Creation.Element>
<Osejs.View.Creation.Element>
<Type>Elements.Button</Type>
<Property name="name">resetButton</Property>
<Property name="parent">buttonsPanel</Property>
<Property name="text"><![CDATA[Reset]]></Property>
<Property name="action"><![CDATA[_reset()]]></Property>
</Osejs.View.Creation.Element>
<Osejs.View.Creation.Element>
<Type>Elements.CheckBox</Type>
<Property name="name">battery</Property>
<Property name="parent">buttonsPanel</Property>
<Property name="variable"><![CDATA[connected]]></Property>
<Property name="text"><![CDATA[Battery]]></Property>
</Osejs.View.Creation.Element>
<Osejs.View.Creation.Element>
<Type>Elements.CheckBox</Type>
<Property name="name">bField</Property>
<Property name="parent">buttonsPanel</Property>
<Property name="variable"><![CDATA[showField]]></Property>
<Property name="selected"><![CDATA[false]]></Property>
<Property name="text"><![CDATA[Show Field]]></Property>
</Osejs.View.Creation.Element>
<Osejs.View.Creation.Element>
<Type>Elements.CheckBox</Type>
<Property name="name">checkBox</Property>
<Property name="parent">buttonsPanel</Property>
<Property name="variable"><![CDATA[changePosition]]></Property>
<Property name="text"><![CDATA[Switch]]></Property>
<Property name="action"><![CDATA[changePositions();]]></Property>
</Osejs.View.Creation.Element>
<Osejs.View.Creation.Element>
<Type>Elements.Slider</Type>
<Property name="name">slider</Property>
<Property name="parent">bottomPanel</Property>
<Property name="position">center</Property>
<Property name="variable"><![CDATA[alpha]]></Property>
<Property name="minimum"><![CDATA[-1.57]]></Property>
<Property name="maximum"><![CDATA[1.57]]></Property>
<Property name="format"><![CDATA[angle = 0.00]]></Property>
<Property name="ticks"><![CDATA[11]]></Property>
</Osejs.View.Creation.Element>
<Osejs.View.Creation.Element>
<Expanded>true</Expanded>
<Type>Elements.Dialog</Type>
<Property name="name">dialog</Property>
<Property name="title"><![CDATA[dialog]]></Property>
<Property name="layout"><![CDATA[border]]></Property>
<Property name="visible"><![CDATA[true]]></Property>
<Property name="location"><![CDATA["545,0"]]></Property>
<Property name="size"><![CDATA["500,300"]]></Property>
</Osejs.View.Creation.Element>
<Osejs.View.Creation.Element>
<Expanded>true</Expanded>
<Type>Elements.PlottingPanel</Type>
<Property name="name">plottingPanel</Property>
<Property name="parent">dialog</Property>
<Property name="position">center</Property>
<Property name="autoscaleX"><![CDATA[true]]></Property>
<Property name="autoscaleY"><![CDATA[true]]></Property>
<Property name="minimumY"><![CDATA[-0.5]]></Property>
<Property name="maximumY"><![CDATA[0.5]]></Property>
<Property name="yMarginPercentage"><![CDATA[10]]></Property>
<Property name="title"><![CDATA[Height vs time]]></Property>
<Property name="titleX"><![CDATA[time]]></Property>
<Property name="titleY"><![CDATA[Height]]></Property>
</Osejs.View.Creation.Element>
<Osejs.View.Creation.Element>
<Type>Elements.Trace</Type>
<Property name="name">trace</Property>
<Property name="parent">plottingPanel</Property>
<Property name="x"><![CDATA[t]]></Property>
<Property name="y"><![CDATA[dz]]></Property>
<Property name="maxpoints"><![CDATA[500]]></Property>
<Property name="skippoints"><![CDATA[3]]></Property>
<Property name="norepeat"><![CDATA[true]]></Property>
<Property name="connected"><![CDATA[true]]></Property>
<Property name="color"><![CDATA[ORANGE]]></Property>
<Property name="stroke"><![CDATA[2]]></Property>
</Osejs.View.Creation.Element>
</Osejs.View.Creation>
</Osejs.View>
<Osejs.Experiment>
</Osejs.Experiment>
</Osejs>
