<!-- This XML file has been created by Easy Java Simulations (Ejs). Visit http://www.um.es/fem/Ejs. -->
<!-- Please, save the file to your hard disk on your Ejs' user directory and open it with Ejs. -->
<Osejs version="4.1">
<Osejs.Information>
<Title><![CDATA[Stiff equations]]></Title>
<Author><![CDATA[Francisco Esquembre, Universidad de Murcia, Spain]]></Author>
<Keywords><![CDATA[ODE, stiff equations]]></Keywords>
<Level><![CDATA[]]></Level>
<Language><![CDATA[English]]></Language>
<Abstract><![CDATA[Stiff equations are ordinary differential equations in which the solution comprises two or more terms that change at speeds which differ in several orders of magnitude.]]></Abstract>
<AdditionalLibraries>
</AdditionalLibraries>
<ImportStatements>
</ImportStatements>
<AuxiliaryFiles><![CDATA[]]></AuxiliaryFiles>
<DetectedFiles><![CDATA[./StiffEquation/Stiff.gif;]]></DetectedFiles>
</Osejs.Information>
<Osejs.Description>
<Osejs.Description.Page>
<Type>DESCRIPTION_EDITOR</Type>
<Name>Stiff equation</Name>
<Active>true</Active>
<Content>
<![CDATA[
<html>
  <head>
    
  </head>
  <body>
    <table>
      <tr>
        <td>
          <h1>
            Stiff equations
          </h1>
          <p>
            An ordinary differential equation is said to be <b><i>stiff</i></b> 
            when its solutions comprise two or more terms that change at 
            speeds which differ in several orders of magnitude.
          </p>
          <p>
            Consider the simple one-dimensional initial value problem:
          </p>
          <p>
            x'(t) = -1000 x(t) + 3000 - 2000 exp(-t), x(0) = 0,
          </p>
        </td>
        <td>
          <p align="center">
            <img src="./StiffEquation/Stiff.gif">
            
          </p>
        </td>
      </tr>
    </table>
    <p>
      which has the exact solution x(t) = 3 - 997/999 exp(-1000t) - 2000/999 
      exp(-t). The solution contains a slow-changing exponential together with 
      a fast-changing one. Although the fast exponential quickly contributes 
      with only very small values, its presence forces a typical explicit 
      algorithm to keep a small step size, even after the transient part of 
      the solution is considerably small. This is because of the poor 
      stability properties of explicit algorithms.
    </p>
    <p>
      This simulation plots the real solution (in black) together with a 
      solution found using a Runge-Kutta 5(4) adaptive algorithm (red) and a 
      solution found using the Radau5 method (blue), which is especially 
      suited for stiff equations. Notice that the Radau5 method allows for 
      larger step sizes with very good accuracy and stability properties.
    </p>
  </body>
</html>

]]>

</Content>
</Osejs.Description.Page>
</Osejs.Description>
<Osejs.Model>
<Osejs.Model.FramesPerSecond>25</Osejs.Model.FramesPerSecond>
<Osejs.Model.StepsPerDisplay>1</Osejs.Model.StepsPerDisplay>
<Osejs.Model.Autostart>true</Osejs.Model.Autostart>
<Osejs.Model.Variables>
<Osejs.Model.Variables.Page>
<Type>VARIABLE_EDITOR</Type>
<Name>Var Table</Name>
<Active>true</Active>
<Content>
<PageComment><![CDATA[]]></PageComment>
<Variable>
<Name><![CDATA[t]]></Name>
<Value><![CDATA[0.0]]></Value>
<Type><![CDATA[double]]></Type>
<Dimension><![CDATA[]]></Dimension>
<Comment><![CDATA[]]></Comment>
</Variable>
<Variable>
<Name><![CDATA[t2]]></Name>
<Value><![CDATA[0.0]]></Value>
<Type><![CDATA[double]]></Type>
<Dimension><![CDATA[]]></Dimension>
<Comment><![CDATA[]]></Comment>
</Variable>
<Variable>
<Name><![CDATA[h]]></Name>
<Value><![CDATA[0.01]]></Value>
<Type><![CDATA[double]]></Type>
<Dimension><![CDATA[]]></Dimension>
<Comment><![CDATA[]]></Comment>
</Variable>
<Variable>
<Name><![CDATA[tol]]></Name>
<Value><![CDATA[0.05]]></Value>
<Type><![CDATA[double]]></Type>
<Dimension><![CDATA[]]></Dimension>
<Comment><![CDATA[]]></Comment>
</Variable>
<Variable>
<Name><![CDATA[max]]></Name>
<Value><![CDATA[0.1]]></Value>
<Type><![CDATA[double]]></Type>
<Dimension><![CDATA[]]></Dimension>
<Comment><![CDATA[]]></Comment>
</Variable>
<Variable>
<Name><![CDATA[x]]></Name>
<Value><![CDATA[0.0]]></Value>
<Type><![CDATA[double]]></Type>
<Dimension><![CDATA[]]></Dimension>
<Comment><![CDATA[]]></Comment>
</Variable>
<Variable>
<Name><![CDATA[x2]]></Name>
<Value><![CDATA[0.0]]></Value>
<Type><![CDATA[double]]></Type>
<Dimension><![CDATA[]]></Dimension>
<Comment><![CDATA[]]></Comment>
</Variable>
<Variable>
<Name><![CDATA[xReal]]></Name>
<Value><![CDATA[0.0]]></Value>
<Type><![CDATA[double]]></Type>
<Dimension><![CDATA[]]></Dimension>
<Comment><![CDATA[]]></Comment>
</Variable>

</Content>
</Osejs.Model.Variables.Page>
</Osejs.Model.Variables>
<Osejs.Model.Initialization>
<Osejs.Model.Initialization.Page>
<Type>CODE_EDITOR</Type>
<Name>Init Page</Name>
<Active>true</Active>
<Content>
<Comment><![CDATA[]]></Comment>
<Code><![CDATA[
t = 0;
x = 0;
t2 = 0;
x2 = 0;
_view.resetTraces();


]]></Code>

</Content>
</Osejs.Model.Initialization.Page>
</Osejs.Model.Initialization>
<Osejs.Model.Evolution>
<Osejs.Model.Evolution.Page>
<Type>ODE_EDITOR</Type>
<Name>Stiff</Name>
<Active>true</Active>
<Content>
<PreliminaryCode>
<Comment><![CDATA[]]></Comment>
<Code><![CDATA[

]]></Code>
</PreliminaryCode>
<IndependentVariable>t</IndependentVariable>
<Increment>h</Increment>
<Increment>h</Increment>
<Rate state="x">-1000*x + 3000 - 2000*Math.exp(-t)</Rate>
<Method>Radau5</Method>
<Tolerance>tol</Tolerance>
<Comment><![CDATA[]]></Comment>

</Content>
</Osejs.Model.Evolution.Page>
<Osejs.Model.Evolution.Page>
<Type>ODE_EDITOR</Type>
<Name>Adaptive</Name>
<Active>true</Active>
<Content>
<PreliminaryCode>
<Comment><![CDATA[]]></Comment>
<Code><![CDATA[

]]></Code>
</PreliminaryCode>
<IndependentVariable>t2</IndependentVariable>
<Increment>h</Increment>
<Increment>h</Increment>
<Rate state="x2">-1000*x2 + 3000 - 2000*Math.exp(-t2)</Rate>
<Method>RungeKuttaFehlberg</Method>
<Tolerance>tol</Tolerance>
<Comment><![CDATA[]]></Comment>

</Content>
</Osejs.Model.Evolution.Page>
<Osejs.Model.Evolution.Page>
<Type>EVOLUTION_EDITOR</Type>
<Name>Evol Page 2</Name>
<Active>true</Active>
<Content>
<Comment><![CDATA[]]></Comment>
<Code><![CDATA[
if (t>=max) {
  _pause();
}
]]></Code>

</Content>
</Osejs.Model.Evolution.Page>
</Osejs.Model.Evolution>
<Osejs.Model.Constraints>
<Osejs.Model.Constraints.Page>
<Type>CODE_EDITOR</Type>
<Name>Cons Page</Name>
<Active>true</Active>
<Content>
<Comment><![CDATA[]]></Comment>
<Code><![CDATA[
// The analytic solution
xReal = 3 - 997./999.*Math.exp(-1000*t) - 2000./999.*Math.exp(-t);
]]></Code>

</Content>
</Osejs.Model.Constraints.Page>
</Osejs.Model.Constraints>
<Osejs.Model.Library>
</Osejs.Model.Library>
</Osejs.Model>
<Osejs.View>
<Osejs.View.Creation>
<Osejs.View.Creation.Element>
<Expanded>true</Expanded>
<Type>Elements.Frame</Type>
<Property name="name">Frame</Property>
<Property name="_ejs_mainWindow">true</Property>
<Property name="title"><![CDATA[Stiff equation]]></Property>
<Property name="layout"><![CDATA[border]]></Property>
<Property name="visible"><![CDATA[true]]></Property>
<Property name="location"><![CDATA["4,22"]]></Property>
<Property name="size"><![CDATA["373,345"]]></Property>
</Osejs.View.Creation.Element>
<Osejs.View.Creation.Element>
<Expanded>true</Expanded>
<Type>Elements.PlottingPanel</Type>
<Property name="name">PlottingPanel</Property>
<Property name="parent">Frame</Property>
<Property name="position">center</Property>
<Property name="autoscaleX"><![CDATA[false]]></Property>
<Property name="autoscaleY"><![CDATA[false]]></Property>
<Property name="minimumX"><![CDATA[0]]></Property>
<Property name="maximumX"><![CDATA[max]]></Property>
<Property name="minimumY"><![CDATA[0]]></Property>
<Property name="maximumY"><![CDATA[1.5]]></Property>
<Property name="title"><![CDATA[Stiff equation]]></Property>
</Osejs.View.Creation.Element>
<Osejs.View.Creation.Element>
<Type>Elements.Trace</Type>
<Property name="name">RealSolution</Property>
<Property name="parent">PlottingPanel</Property>
<Property name="x"><![CDATA[t]]></Property>
<Property name="y"><![CDATA[xReal]]></Property>
<Property name="norepeat"><![CDATA[true]]></Property>
<Property name="connected"><![CDATA[true]]></Property>
<Property name="visible"><![CDATA[showReal]]></Property>
<Property name="color"><![CDATA[black]]></Property>
</Osejs.View.Creation.Element>
<Osejs.View.Creation.Element>
<Type>Elements.Trace</Type>
<Property name="name">AdaptiveSolution</Property>
<Property name="parent">PlottingPanel</Property>
<Property name="x"><![CDATA[t2]]></Property>
<Property name="y"><![CDATA[x2]]></Property>
<Property name="norepeat"><![CDATA[true]]></Property>
<Property name="connected"><![CDATA[true]]></Property>
<Property name="visible"><![CDATA[showAdaptive]]></Property>
<Property name="color"><![CDATA[red]]></Property>
</Osejs.View.Creation.Element>
<Osejs.View.Creation.Element>
<Type>Elements.Trace</Type>
<Property name="name">StiffSolution</Property>
<Property name="parent">PlottingPanel</Property>
<Property name="x"><![CDATA[t]]></Property>
<Property name="y"><![CDATA[x]]></Property>
<Property name="norepeat"><![CDATA[true]]></Property>
<Property name="connected"><![CDATA[true]]></Property>
<Property name="visible"><![CDATA[showStiff]]></Property>
<Property name="color"><![CDATA[blue]]></Property>
</Osejs.View.Creation.Element>
<Osejs.View.Creation.Element>
<Expanded>true</Expanded>
<Type>Elements.Panel</Type>
<Property name="name">Panel</Property>
<Property name="parent">Frame</Property>
<Property name="position">north</Property>
<Property name="layout"><![CDATA[grid:1,0,0,0]]></Property>
</Osejs.View.Creation.Element>
<Osejs.View.Creation.Element>
<Type>Elements.Label</Type>
<Property name="name">Display</Property>
<Property name="parent">Panel</Property>
<Property name="text"><![CDATA[Display]]></Property>
<Property name="alignment"><![CDATA[CENTER]]></Property>
</Osejs.View.Creation.Element>
<Osejs.View.Creation.Element>
<Type>Elements.CheckBox</Type>
<Property name="name">ShowReal</Property>
<Property name="parent">Panel</Property>
<Property name="variable"><![CDATA[showReal]]></Property>
<Property name="selected"><![CDATA[true]]></Property>
<Property name="text"><![CDATA[Real]]></Property>
</Osejs.View.Creation.Element>
<Osejs.View.Creation.Element>
<Type>Elements.CheckBox</Type>
<Property name="name">ShowAdaptive</Property>
<Property name="parent">Panel</Property>
<Property name="variable"><![CDATA[showAdaptive]]></Property>
<Property name="selected"><![CDATA[true]]></Property>
<Property name="text"><![CDATA[Adaptive]]></Property>
<Property name="foreground"><![CDATA[red]]></Property>
</Osejs.View.Creation.Element>
<Osejs.View.Creation.Element>
<Type>Elements.CheckBox</Type>
<Property name="name">ShowStiff</Property>
<Property name="parent">Panel</Property>
<Property name="variable"><![CDATA[showStiff]]></Property>
<Property name="selected"><![CDATA[true]]></Property>
<Property name="text"><![CDATA[Stiff]]></Property>
<Property name="foreground"><![CDATA[blue]]></Property>
</Osejs.View.Creation.Element>
<Osejs.View.Creation.Element>
<Expanded>true</Expanded>
<Type>Elements.Panel</Type>
<Property name="name">Panel2</Property>
<Property name="parent">Frame</Property>
<Property name="position">south</Property>
<Property name="layout"><![CDATA[grid:1,0,0,0]]></Property>
</Osejs.View.Creation.Element>
<Osejs.View.Creation.Element>
<Type>Elements.Field</Type>
<Property name="name">h</Property>
<Property name="parent">Panel2</Property>
<Property name="variable"><![CDATA[h]]></Property>
<Property name="format"><![CDATA[h = 0.########]]></Property>
<Property name="action"><![CDATA[_initialize(); _play();]]></Property>
</Osejs.View.Creation.Element>
<Osejs.View.Creation.Element>
<Type>Elements.Field</Type>
<Property name="name">tol</Property>
<Property name="parent">Panel2</Property>
<Property name="variable"><![CDATA[tol]]></Property>
<Property name="format"><![CDATA[tol = 0.########]]></Property>
<Property name="action"><![CDATA[_initialize(); _play();]]></Property>
</Osejs.View.Creation.Element>
</Osejs.View.Creation>
</Osejs.View>
<Osejs.Experiment>
</Osejs.Experiment>
</Osejs>
