<!-- This XML file has been created by Easy Java Simulations (Ejs). Visit http://www.um.es/fem/Ejs. -->
<!-- Please, save the file to your hard disk on your Ejs' user directory and open it with Ejs. -->
<Osejs version="4.1">
<Osejs.Information>
<Title><![CDATA[Lorez attractor]]></Title>
<Author><![CDATA[Francisco Esquembre (based on work by Victor Jimenez)]]></Author>
<Keywords><![CDATA[]]></Keywords>
<Level><![CDATA[]]></Level>
<Language><![CDATA[]]></Language>
<Abstract><![CDATA[]]></Abstract>
<CaptureTools>false</CaptureTools>
<DataTools>false</DataTools>
<LanguageTools>false</LanguageTools>
<AdditionalLibraries>
</AdditionalLibraries>
<ImportStatements>
</ImportStatements>
<AuxiliaryFiles><![CDATA[]]></AuxiliaryFiles>
<DetectedFiles><![CDATA[./Lorenz/Lorenz3D.png;./Lorenz/LorenzPlot.png;]]></DetectedFiles>
</Osejs.Information>
<Osejs.Description>
<Osejs.Description.Page>
<Type>DESCRIPTION_EDITOR</Type>
<Name>Lorenz attractor</Name>
<Active>true</Active>
<Content>
<![CDATA[
<html>
  <head>
    
  </head>
  <body>
    <h2>
      Sensibility in the Lorenz attractor
    </h2>
    <table>
      <tr>
        <td>
          The Lorenz attractor, displayed in the right image, shows the 
          sensibility of simple non-linear ordinary differential equations to 
          initial conditions. The simulation shows the evolution of two 
          trajectories which differ in one part in a million (in the z 
          coordinate). The trajectories remain close for a long period of time 
          until, suddenly, they separate abruptly.
        </td>
        <td>
          <img src="./Lorenz/Lorenz3D.png">
          
        </td>
      </tr>
    </table>
    <p>
      
    </p>
    <p align="center" style="margin-top: 0">
      <img src="./Lorenz/LorenzPlot.png">
    </p>
  </body>
</html>

]]>

</Content>
</Osejs.Description.Page>
</Osejs.Description>
<Osejs.Model>
<Osejs.Model.FramesPerSecond>24</Osejs.Model.FramesPerSecond>
<Osejs.Model.StepsPerDisplay>5</Osejs.Model.StepsPerDisplay>
<Osejs.Model.Autostart>false</Osejs.Model.Autostart>
<Osejs.Model.Variables>
<Osejs.Model.Variables.Page>
<Type>VARIABLE_EDITOR</Type>
<Name>Model variables and parameters</Name>
<Active>true</Active>
<Content>
<PageComment><![CDATA[]]></PageComment>
<Variable>
<Name><![CDATA[x]]></Name>
<Value><![CDATA[3.924233]]></Value>
<Type><![CDATA[double]]></Type>
<Dimension><![CDATA[]]></Dimension>
<Comment><![CDATA[]]></Comment>
</Variable>
<Variable>
<Name><![CDATA[y]]></Name>
<Value><![CDATA[6.210345]]></Value>
<Type><![CDATA[double]]></Type>
<Dimension><![CDATA[]]></Dimension>
<Comment><![CDATA[]]></Comment>
</Variable>
<Variable>
<Name><![CDATA[z]]></Name>
<Value><![CDATA[16.894579]]></Value>
<Type><![CDATA[double]]></Type>
<Dimension><![CDATA[]]></Dimension>
<Comment><![CDATA[]]></Comment>
</Variable>
<Variable>
<Name><![CDATA[xbis]]></Name>
<Value><![CDATA[x]]></Value>
<Type><![CDATA[double]]></Type>
<Dimension><![CDATA[]]></Dimension>
<Comment><![CDATA[]]></Comment>
</Variable>
<Variable>
<Name><![CDATA[ybis]]></Name>
<Value><![CDATA[y]]></Value>
<Type><![CDATA[double]]></Type>
<Dimension><![CDATA[]]></Dimension>
<Comment><![CDATA[]]></Comment>
</Variable>
<Variable>
<Name><![CDATA[zbis]]></Name>
<Value><![CDATA[z+0.000001]]></Value>
<Type><![CDATA[double]]></Type>
<Dimension><![CDATA[]]></Dimension>
<Comment><![CDATA[]]></Comment>
</Variable>
<Variable>
<Name><![CDATA[a]]></Name>
<Value><![CDATA[10.0]]></Value>
<Type><![CDATA[double]]></Type>
<Dimension><![CDATA[]]></Dimension>
<Comment><![CDATA[]]></Comment>
</Variable>
<Variable>
<Name><![CDATA[b]]></Name>
<Value><![CDATA[28.0]]></Value>
<Type><![CDATA[double]]></Type>
<Dimension><![CDATA[]]></Dimension>
<Comment><![CDATA[]]></Comment>
</Variable>
<Variable>
<Name><![CDATA[c]]></Name>
<Value><![CDATA[8.0/3.0]]></Value>
<Type><![CDATA[double]]></Type>
<Dimension><![CDATA[]]></Dimension>
<Comment><![CDATA[]]></Comment>
</Variable>
<Variable>
<Name><![CDATA[t]]></Name>
<Value><![CDATA[0.0]]></Value>
<Type><![CDATA[double]]></Type>
<Dimension><![CDATA[]]></Dimension>
<Comment><![CDATA[]]></Comment>
</Variable>
<Variable>
<Name><![CDATA[dt]]></Name>
<Value><![CDATA[0.01]]></Value>
<Type><![CDATA[double]]></Type>
<Dimension><![CDATA[]]></Dimension>
<Comment><![CDATA[]]></Comment>
</Variable>

</Content>
</Osejs.Model.Variables.Page>
<Osejs.Model.Variables.Page>
<Type>VARIABLE_EDITOR</Type>
<Name>View variables</Name>
<Active>true</Active>
<Content>
<PageComment><![CDATA[]]></PageComment>
<Variable>
<Name><![CDATA[showDialog3D]]></Name>
<Value><![CDATA[false]]></Value>
<Type><![CDATA[boolean]]></Type>
<Dimension><![CDATA[]]></Dimension>
<Comment><![CDATA[]]></Comment>
</Variable>
<Variable>
<Name><![CDATA[showDialog]]></Name>
<Value><![CDATA[false]]></Value>
<Type><![CDATA[boolean]]></Type>
<Dimension><![CDATA[]]></Dimension>
<Comment><![CDATA[]]></Comment>
</Variable>
<Variable>
<Name><![CDATA[show2trajectory]]></Name>
<Value><![CDATA[true]]></Value>
<Type><![CDATA[boolean]]></Type>
<Dimension><![CDATA[]]></Dimension>
<Comment><![CDATA[]]></Comment>
</Variable>
<Variable>
<Name><![CDATA[message]]></Name>
<Value><![CDATA["Notice the difference in z. Now, click \'Play\' and wait until time=16s!"]]></Value>
<Type><![CDATA[String]]></Type>
<Dimension><![CDATA[]]></Dimension>
<Comment><![CDATA[]]></Comment>
</Variable>
<Variable>
<Name><![CDATA[alpha]]></Name>
<Value><![CDATA[0]]></Value>
<Type><![CDATA[double]]></Type>
<Dimension><![CDATA[]]></Dimension>
<Comment><![CDATA[]]></Comment>
</Variable>

</Content>
</Osejs.Model.Variables.Page>
</Osejs.Model.Variables>
<Osejs.Model.Initialization>
</Osejs.Model.Initialization>
<Osejs.Model.Evolution>
<Osejs.Model.Evolution.Page>
<Type>ODE_EDITOR</Type>
<Name>ODEs</Name>
<Active>true</Active>
<Content>
<PreliminaryCode>
<Comment><![CDATA[Code to be executed before rate equations are evaluated]]></Comment>
<Code><![CDATA[

]]></Code>
</PreliminaryCode>
<IndependentVariable>t</IndependentVariable>
<Increment>dt</Increment>
<Increment>dt</Increment>
<Rate state="x">a*(y-x)</Rate>
<Rate state="y">x*(b-z)-y</Rate>
<Rate state="z">x*y-c*z</Rate>
<Rate state="xbis">a*(ybis-xbis)</Rate>
<Rate state="ybis">xbis*(b-zbis)-ybis</Rate>
<Rate state="zbis">xbis*ybis-c*zbis</Rate>
<Method>RungeKutta</Method>
<Tolerance></Tolerance>
<Comment><![CDATA[]]></Comment>

</Content>
</Osejs.Model.Evolution.Page>
<Osejs.Model.Evolution.Page>
<Type>EVOLUTION_EDITOR</Type>
<Name>Rotation</Name>
<Active>true</Active>
<Content>
<Comment><![CDATA[]]></Comment>
<Code><![CDATA[
alpha += 0.01;
]]></Code>

</Content>
</Osejs.Model.Evolution.Page>
</Osejs.Model.Evolution>
<Osejs.Model.Constraints>
</Osejs.Model.Constraints>
<Osejs.Model.Library>
</Osejs.Model.Library>
</Osejs.Model>
<Osejs.View>
<Osejs.View.Creation>
<Osejs.View.Creation.Element>
<Expanded>false</Expanded>
<Type>Elements.Frame</Type>
<Property name="name">mainFrame</Property>
<Property name="_ejs_mainWindow">true</Property>
<Property name="title"><![CDATA["Lorenz"]]></Property>
<Property name="layout"><![CDATA[border]]></Property>
<Property name="visible"><![CDATA[true]]></Property>
<Property name="location"><![CDATA["2,10"]]></Property>
<Property name="size"><![CDATA["603,370"]]></Property>
</Osejs.View.Creation.Element>
<Osejs.View.Creation.Element>
<Expanded>false</Expanded>
<Type>Elements.Panel</Type>
<Property name="name">buttonsPanel</Property>
<Property name="parent">mainFrame</Property>
<Property name="position">north</Property>
<Property name="layout"><![CDATA[FLOW:center,0,0]]></Property>
<Property name="borderType"><![CDATA[LOWERED_ETCHED]]></Property>
</Osejs.View.Creation.Element>
<Osejs.View.Creation.Element>
<Type>Elements.TwoStateButton</Type>
<Property name="name">twoStateButton</Property>
<Property name="parent">buttonsPanel</Property>
<Property name="variable"><![CDATA[_isPaused]]></Property>
<Property name="textOn"><![CDATA["Play"]]></Property>
<Property name="actionOn"><![CDATA[_play();
message = null;]]></Property>
<Property name="textOff"><![CDATA["Pause"]]></Property>
<Property name="actionOff"><![CDATA[_pause()]]></Property>
</Osejs.View.Creation.Element>
<Osejs.View.Creation.Element>
<Type>Elements.Button</Type>
<Property name="name">initButton</Property>
<Property name="parent">buttonsPanel</Property>
<Property name="text"><![CDATA["Initialize"]]></Property>
<Property name="action"><![CDATA[_initialize()]]></Property>
</Osejs.View.Creation.Element>
<Osejs.View.Creation.Element>
<Type>Elements.Button</Type>
<Property name="name">resetButton</Property>
<Property name="parent">buttonsPanel</Property>
<Property name="text"><![CDATA["Reset"]]></Property>
<Property name="action"><![CDATA[_reset()]]></Property>
</Osejs.View.Creation.Element>
<Osejs.View.Creation.Element>
<Type>Elements.CheckBox</Type>
<Property name="name">showPlot2Button</Property>
<Property name="parent">buttonsPanel</Property>
<Property name="variable"><![CDATA[show2trajectory]]></Property>
<Property name="text"><![CDATA["Show second trajectory"]]></Property>
</Osejs.View.Creation.Element>
<Osejs.View.Creation.Element>
<Type>Elements.CheckBox</Type>
<Property name="name">view3DButton</Property>
<Property name="parent">buttonsPanel</Property>
<Property name="variable"><![CDATA[showDialog3D]]></Property>
<Property name="selected"><![CDATA[false]]></Property>
<Property name="text"><![CDATA["3D view"]]></Property>
</Osejs.View.Creation.Element>
<Osejs.View.Creation.Element>
<Type>Elements.CheckBox</Type>
<Property name="name">parametersButton</Property>
<Property name="parent">buttonsPanel</Property>
<Property name="variable"><![CDATA[showDialog]]></Property>
<Property name="text"><![CDATA["Parameters"]]></Property>
</Osejs.View.Creation.Element>
<Osejs.View.Creation.Element>
<Expanded>false</Expanded>
<Type>Elements.PlottingPanel</Type>
<Property name="name">plottingPanel</Property>
<Property name="parent">mainFrame</Property>
<Property name="position">center</Property>
<Property name="autoscaleX"><![CDATA[true]]></Property>
<Property name="autoscaleY"><![CDATA[true]]></Property>
<Property name="minimumY"><![CDATA[-30.0]]></Property>
<Property name="maximumY"><![CDATA[50.0]]></Property>
<Property name="title"><![CDATA["Lorenz attractor"]]></Property>
<Property name="titleX"><![CDATA["time"]]></Property>
<Property name="titleY"><![CDATA["x (blue), y (red), z (green)"]]></Property>
<Property name="gutters"><![CDATA[40,30,20,40]]></Property>
<Property name="BLmessage"><![CDATA[%message%]]></Property>
</Osejs.View.Creation.Element>
<Osejs.View.Creation.Element>
<Type>Elements.Dataset</Type>
<Property name="name">Variable_x</Property>
<Property name="parent">plottingPanel</Property>
<Property name="x"><![CDATA[t]]></Property>
<Property name="y"><![CDATA[x]]></Property>
<Property name="maxpoints"><![CDATA[300]]></Property>
<Property name="connected"><![CDATA[true]]></Property>
<Property name="color"><![CDATA[blue]]></Property>
</Osejs.View.Creation.Element>
<Osejs.View.Creation.Element>
<Type>Elements.Dataset</Type>
<Property name="name">Variable_y</Property>
<Property name="parent">plottingPanel</Property>
<Property name="x"><![CDATA[t]]></Property>
<Property name="y"><![CDATA[y]]></Property>
<Property name="maxpoints"><![CDATA[300]]></Property>
<Property name="connected"><![CDATA[true]]></Property>
<Property name="color"><![CDATA[red]]></Property>
</Osejs.View.Creation.Element>
<Osejs.View.Creation.Element>
<Type>Elements.Dataset</Type>
<Property name="name">Variable_z</Property>
<Property name="parent">plottingPanel</Property>
<Property name="x"><![CDATA[t]]></Property>
<Property name="y"><![CDATA[z]]></Property>
<Property name="maxpoints"><![CDATA[300]]></Property>
<Property name="connected"><![CDATA[true]]></Property>
<Property name="color"><![CDATA[green]]></Property>
</Osejs.View.Creation.Element>
<Osejs.View.Creation.Element>
<Type>Elements.Dataset</Type>
<Property name="name">Variable_xbis</Property>
<Property name="parent">plottingPanel</Property>
<Property name="x"><![CDATA[t]]></Property>
<Property name="y"><![CDATA[xbis]]></Property>
<Property name="visible"><![CDATA[show2trajectory]]></Property>
<Property name="maxpoints"><![CDATA[300]]></Property>
<Property name="connected"><![CDATA[true]]></Property>
<Property name="color"><![CDATA[0,0,150]]></Property>
<Property name="markersize"><![CDATA[1]]></Property>
<Property name="secondaryColor"><![CDATA[blue]]></Property>
</Osejs.View.Creation.Element>
<Osejs.View.Creation.Element>
<Type>Elements.Dataset</Type>
<Property name="name">Variable_ybis</Property>
<Property name="parent">plottingPanel</Property>
<Property name="x"><![CDATA[t]]></Property>
<Property name="y"><![CDATA[ybis]]></Property>
<Property name="visible"><![CDATA[show2trajectory]]></Property>
<Property name="maxpoints"><![CDATA[300]]></Property>
<Property name="connected"><![CDATA[true]]></Property>
<Property name="color"><![CDATA[150,0,0,255]]></Property>
<Property name="markersize"><![CDATA[1]]></Property>
<Property name="secondaryColor"><![CDATA[red]]></Property>
</Osejs.View.Creation.Element>
<Osejs.View.Creation.Element>
<Type>Elements.Dataset</Type>
<Property name="name">Variable_zbis</Property>
<Property name="parent">plottingPanel</Property>
<Property name="x"><![CDATA[t]]></Property>
<Property name="y"><![CDATA[zbis]]></Property>
<Property name="visible"><![CDATA[show2trajectory]]></Property>
<Property name="maxpoints"><![CDATA[300]]></Property>
<Property name="connected"><![CDATA[true]]></Property>
<Property name="color"><![CDATA[0,150,0,255]]></Property>
<Property name="markersize"><![CDATA[1]]></Property>
<Property name="secondaryColor"><![CDATA[green]]></Property>
</Osejs.View.Creation.Element>
<Osejs.View.Creation.Element>
<Expanded>false</Expanded>
<Type>Elements.Panel</Type>
<Property name="name">bottomPanel</Property>
<Property name="parent">mainFrame</Property>
<Property name="position">south</Property>
<Property name="layout"><![CDATA[grid:0,1,0,0]]></Property>
<Property name="borderType"><![CDATA[LOWERED_ETCHED]]></Property>
</Osejs.View.Creation.Element>
<Osejs.View.Creation.Element>
<Expanded>false</Expanded>
<Type>Elements.Panel</Type>
<Property name="name">bottomSubpanel1</Property>
<Property name="parent">bottomPanel</Property>
<Property name="layout"><![CDATA[grid:1,0,0,0]]></Property>
</Osejs.View.Creation.Element>
<Osejs.View.Creation.Element>
<Expanded>false</Expanded>
<Type>Elements.Panel</Type>
<Property name="name">xPanel</Property>
<Property name="parent">bottomSubpanel1</Property>
<Property name="layout"><![CDATA[border]]></Property>
</Osejs.View.Creation.Element>
<Osejs.View.Creation.Element>
<Type>Elements.Label</Type>
<Property name="name">xLabel</Property>
<Property name="parent">xPanel</Property>
<Property name="position">west</Property>
<Property name="text"><![CDATA["x = "]]></Property>
<Property name="alignment"><![CDATA[RIGHT]]></Property>
<Property name="size"><![CDATA["45,10"]]></Property>
</Osejs.View.Creation.Element>
<Osejs.View.Creation.Element>
<Type>Elements.ParsedField</Type>
<Property name="name">xField</Property>
<Property name="parent">xPanel</Property>
<Property name="position">center</Property>
<Property name="variable"><![CDATA[x]]></Property>
<Property name="format"><![CDATA["0.000000"]]></Property>
</Osejs.View.Creation.Element>
<Osejs.View.Creation.Element>
<Expanded>false</Expanded>
<Type>Elements.Panel</Type>
<Property name="name">yPanel</Property>
<Property name="parent">bottomSubpanel1</Property>
<Property name="layout"><![CDATA[border]]></Property>
</Osejs.View.Creation.Element>
<Osejs.View.Creation.Element>
<Type>Elements.Label</Type>
<Property name="name">yLabel</Property>
<Property name="parent">yPanel</Property>
<Property name="position">west</Property>
<Property name="text"><![CDATA["y = "]]></Property>
<Property name="alignment"><![CDATA[RIGHT]]></Property>
<Property name="size"><![CDATA["45,10"]]></Property>
</Osejs.View.Creation.Element>
<Osejs.View.Creation.Element>
<Type>Elements.ParsedField</Type>
<Property name="name">yField</Property>
<Property name="parent">yPanel</Property>
<Property name="position">center</Property>
<Property name="variable"><![CDATA[y]]></Property>
<Property name="format"><![CDATA["0.000000"]]></Property>
</Osejs.View.Creation.Element>
<Osejs.View.Creation.Element>
<Expanded>false</Expanded>
<Type>Elements.Panel</Type>
<Property name="name">zPanel</Property>
<Property name="parent">bottomSubpanel1</Property>
<Property name="layout"><![CDATA[border]]></Property>
</Osejs.View.Creation.Element>
<Osejs.View.Creation.Element>
<Type>Elements.Label</Type>
<Property name="name">zLabel</Property>
<Property name="parent">zPanel</Property>
<Property name="position">west</Property>
<Property name="text"><![CDATA["z = "]]></Property>
<Property name="alignment"><![CDATA[RIGHT]]></Property>
<Property name="size"><![CDATA["45,10"]]></Property>
</Osejs.View.Creation.Element>
<Osejs.View.Creation.Element>
<Type>Elements.ParsedField</Type>
<Property name="name">zField</Property>
<Property name="parent">zPanel</Property>
<Property name="position">center</Property>
<Property name="variable"><![CDATA[z]]></Property>
<Property name="format"><![CDATA["0.000000"]]></Property>
</Osejs.View.Creation.Element>
<Osejs.View.Creation.Element>
<Expanded>false</Expanded>
<Type>Elements.Panel</Type>
<Property name="name">bottomSubpanel2</Property>
<Property name="parent">bottomPanel</Property>
<Property name="layout"><![CDATA[grid:1,0,0,0]]></Property>
<Property name="visible"><![CDATA[show2trajectory]]></Property>
</Osejs.View.Creation.Element>
<Osejs.View.Creation.Element>
<Expanded>false</Expanded>
<Type>Elements.Panel</Type>
<Property name="name">xPanel2</Property>
<Property name="parent">bottomSubpanel2</Property>
<Property name="layout"><![CDATA[border]]></Property>
</Osejs.View.Creation.Element>
<Osejs.View.Creation.Element>
<Type>Elements.Label</Type>
<Property name="name">xLabel2</Property>
<Property name="parent">xPanel2</Property>
<Property name="position">west</Property>
<Property name="text"><![CDATA["x bis = "]]></Property>
<Property name="alignment"><![CDATA[RIGHT]]></Property>
<Property name="size"><![CDATA["45,10"]]></Property>
</Osejs.View.Creation.Element>
<Osejs.View.Creation.Element>
<Type>Elements.ParsedField</Type>
<Property name="name">xField2</Property>
<Property name="parent">xPanel2</Property>
<Property name="position">center</Property>
<Property name="variable"><![CDATA[xbis]]></Property>
<Property name="format"><![CDATA["0.000000"]]></Property>
</Osejs.View.Creation.Element>
<Osejs.View.Creation.Element>
<Expanded>false</Expanded>
<Type>Elements.Panel</Type>
<Property name="name">yPanel2</Property>
<Property name="parent">bottomSubpanel2</Property>
<Property name="layout"><![CDATA[border]]></Property>
</Osejs.View.Creation.Element>
<Osejs.View.Creation.Element>
<Type>Elements.Label</Type>
<Property name="name">yLabel2</Property>
<Property name="parent">yPanel2</Property>
<Property name="position">west</Property>
<Property name="text"><![CDATA["y bis = "]]></Property>
<Property name="alignment"><![CDATA[RIGHT]]></Property>
<Property name="size"><![CDATA["45,10"]]></Property>
</Osejs.View.Creation.Element>
<Osejs.View.Creation.Element>
<Type>Elements.ParsedField</Type>
<Property name="name">yField2</Property>
<Property name="parent">yPanel2</Property>
<Property name="position">center</Property>
<Property name="variable"><![CDATA[ybis]]></Property>
<Property name="format"><![CDATA["0.000000"]]></Property>
</Osejs.View.Creation.Element>
<Osejs.View.Creation.Element>
<Expanded>false</Expanded>
<Type>Elements.Panel</Type>
<Property name="name">zPanel2</Property>
<Property name="parent">bottomSubpanel2</Property>
<Property name="layout"><![CDATA[border]]></Property>
</Osejs.View.Creation.Element>
<Osejs.View.Creation.Element>
<Type>Elements.Label</Type>
<Property name="name">zLabel2</Property>
<Property name="parent">zPanel2</Property>
<Property name="position">west</Property>
<Property name="text"><![CDATA["z bis = "]]></Property>
<Property name="alignment"><![CDATA[RIGHT]]></Property>
<Property name="size"><![CDATA["45,10"]]></Property>
</Osejs.View.Creation.Element>
<Osejs.View.Creation.Element>
<Type>Elements.ParsedField</Type>
<Property name="name">zField2</Property>
<Property name="parent">zPanel2</Property>
<Property name="position">center</Property>
<Property name="variable"><![CDATA[zbis]]></Property>
<Property name="format"><![CDATA["0.000000"]]></Property>
</Osejs.View.Creation.Element>
<Osejs.View.Creation.Element>
<Expanded>false</Expanded>
<Type>Elements.Dialog</Type>
<Property name="name">parametersDialog</Property>
<Property name="title"><![CDATA["Parameters"]]></Property>
<Property name="layout"><![CDATA[grid:1,0,0,0]]></Property>
<Property name="visible"><![CDATA[showDialog]]></Property>
<Property name="location"><![CDATA["0,384"]]></Property>
<Property name="size"><![CDATA["605,104"]]></Property>
</Osejs.View.Creation.Element>
<Osejs.View.Creation.Element>
<Type>Elements.Slider</Type>
<Property name="name">sliderA</Property>
<Property name="parent">parametersDialog</Property>
<Property name="variable"><![CDATA[a]]></Property>
<Property name="minimum"><![CDATA[0.0]]></Property>
<Property name="maximum"><![CDATA[20.0]]></Property>
<Property name="format"><![CDATA[a=0.0]]></Property>
<Property name="ticks"><![CDATA[5]]></Property>
<Property name="ticksFormat"><![CDATA[0.#]]></Property>
</Osejs.View.Creation.Element>
<Osejs.View.Creation.Element>
<Type>Elements.Slider</Type>
<Property name="name">sliderB</Property>
<Property name="parent">parametersDialog</Property>
<Property name="variable"><![CDATA[b]]></Property>
<Property name="minimum"><![CDATA[0.0]]></Property>
<Property name="maximum"><![CDATA[60.0]]></Property>
<Property name="format"><![CDATA[b=0.0]]></Property>
<Property name="ticks"><![CDATA[5]]></Property>
<Property name="ticksFormat"><![CDATA[0.#]]></Property>
</Osejs.View.Creation.Element>
<Osejs.View.Creation.Element>
<Type>Elements.Slider</Type>
<Property name="name">sliderC</Property>
<Property name="parent">parametersDialog</Property>
<Property name="variable"><![CDATA[c]]></Property>
<Property name="minimum"><![CDATA[0.0]]></Property>
<Property name="maximum"><![CDATA[8.0]]></Property>
<Property name="format"><![CDATA[c=0.0]]></Property>
<Property name="ticks"><![CDATA[5]]></Property>
<Property name="ticksFormat"><![CDATA[0.#]]></Property>
</Osejs.View.Creation.Element>
<Osejs.View.Creation.Element>
<Type>Elements.Slider</Type>
<Property name="name">sliderDt</Property>
<Property name="parent">parametersDialog</Property>
<Property name="variable"><![CDATA[dt]]></Property>
<Property name="minimum"><![CDATA[0.01]]></Property>
<Property name="maximum"><![CDATA[0.05]]></Property>
<Property name="format"><![CDATA[dt = 0.00]]></Property>
<Property name="ticks"><![CDATA[5]]></Property>
<Property name="ticksFormat"><![CDATA[0.00]]></Property>
</Osejs.View.Creation.Element>
<Osejs.View.Creation.Element>
<Expanded>true</Expanded>
<Type>Elements.Dialog</Type>
<Property name="name">dialogTreeD</Property>
<Property name="title"><![CDATA["Lorenz attractor: 3D view"]]></Property>
<Property name="layout"><![CDATA[border]]></Property>
<Property name="visible"><![CDATA[showDialog3D]]></Property>
<Property name="location"><![CDATA["604,9"]]></Property>
<Property name="size"><![CDATA["422,339"]]></Property>
</Osejs.View.Creation.Element>
<Osejs.View.Creation.Element>
<Expanded>false</Expanded>
<Type>Elements.Display3DPanel</Type>
<Property name="name">drawingPanel3D2</Property>
<Property name="parent">dialogTreeD</Property>
<Property name="position">center</Property>
<Property name="minimumX"><![CDATA[-30]]></Property>
<Property name="maximumX"><![CDATA[30.0]]></Property>
<Property name="minimumY"><![CDATA[-30.0]]></Property>
<Property name="maximumY"><![CDATA[30.0]]></Property>
<Property name="minimumZ"><![CDATA[0]]></Property>
<Property name="maximumZ"><![CDATA[50.0]]></Property>
<Property name="cameraAzimuth"><![CDATA[alpha]]></Property>
<Property name="cameraAltitude"><![CDATA[0.4400537561348388]]></Property>
<Property name="cameraFocusX"><![CDATA[0.0]]></Property>
<Property name="cameraFocusY"><![CDATA[-0.6]]></Property>
<Property name="cameraFocusZ"><![CDATA[19.199999999999996]]></Property>
<Property name="cameraRotation"><![CDATA[0.0]]></Property>
<Property name="cameraDistanceToScreen"><![CDATA[197.6000000000001]]></Property>
</Osejs.View.Creation.Element>
<Osejs.View.Creation.Element>
<Type>Elements.Trail3D</Type>
<Property name="name">trail3D</Property>
<Property name="parent">drawingPanel3D2</Property>
<Property name="inputX"><![CDATA[x]]></Property>
<Property name="inputY"><![CDATA[y]]></Property>
<Property name="inputZ"><![CDATA[z]]></Property>
<Property name="maximumPoints"><![CDATA[2000]]></Property>
<Property name="lineColor"><![CDATA[BLUE]]></Property>
</Osejs.View.Creation.Element>
<Osejs.View.Creation.Element>
<Type>Elements.Trail3D</Type>
<Property name="name">trail3Dbis</Property>
<Property name="parent">drawingPanel3D2</Property>
<Property name="inputX"><![CDATA[xbis]]></Property>
<Property name="inputY"><![CDATA[ybis]]></Property>
<Property name="inputZ"><![CDATA[zbis]]></Property>
<Property name="visible"><![CDATA[show2trajectory]]></Property>
<Property name="maximumPoints"><![CDATA[2000]]></Property>
<Property name="lineColor"><![CDATA[RED]]></Property>
<Property name="depthFactor"><![CDATA[1.1]]></Property>
</Osejs.View.Creation.Element>
</Osejs.View.Creation>
</Osejs.View>
<Osejs.Experiment>
</Osejs.Experiment>
</Osejs>
