<!-- This XML file has been created by Easy Java Simulations (Ejs). Visit http://www.um.es/fem/Ejs. -->
<!-- Please, save the file to your hard disk on your Ejs' user directory and open it with Ejs. -->
<Osejs version="4.3.3" password="">
<Osejs.Information>
<Title><![CDATA[]]></Title>
<Author><![CDATA[]]></Author>
<Keywords><![CDATA[]]></Keywords>
<Password><![CDATA[]]></Password>
<Level><![CDATA[]]></Level>
<Language><![CDATA[]]></Language>
<Abstract><![CDATA[]]></Abstract>
<ExecPassword><![CDATA[]]></ExecPassword>
<CaptureTools>false</CaptureTools>
<DataTools>false</DataTools>
<LanguageTools>false</LanguageTools>
<EmersionSupport>false</EmersionSupport>
<UseInterpreter>false</UseInterpreter>
<AdditionalLibraries>
</AdditionalLibraries>
<ImportStatements>
</ImportStatements>
<DetectedFiles><![CDATA[]]></DetectedFiles>
<AuxiliaryFiles><![CDATA[]]></AuxiliaryFiles>
</Osejs.Information>
<Osejs.Description>
</Osejs.Description>
<Osejs.Model>
<Osejs.Model.FramesPerSecond>25</Osejs.Model.FramesPerSecond>
<Osejs.Model.StepsPerDisplay>1</Osejs.Model.StepsPerDisplay>
<Osejs.Model.Autostart>false</Osejs.Model.Autostart>
<Osejs.Model.Variables>
<Osejs.Model.Variables.Page>
<Type>VARIABLE_EDITOR</Type>
<Name>Var Table</Name>
<Active>true</Active>
<Content>
<PageComment><![CDATA[]]></PageComment>
<Variable>
<Name><![CDATA[filename]]></Name>
<Value><![CDATA["data.txt"]]></Value>
<Type><![CDATA[String]]></Type>
<Dimension><![CDATA[]]></Dimension>
<Comment><![CDATA[]]></Comment>
</Variable>
<Variable>
<Name><![CDATA[isOpen]]></Name>
<Value><![CDATA[false]]></Value>
<Type><![CDATA[boolean]]></Type>
<Dimension><![CDATA[]]></Dimension>
<Comment><![CDATA[]]></Comment>
</Variable>
<Variable>
<Name><![CDATA[output]]></Name>
<Value><![CDATA[]]></Value>
<Type><![CDATA[java.io.FileWriter]]></Type>
<Dimension><![CDATA[]]></Dimension>
<Comment><![CDATA[]]></Comment>
</Variable>
<Variable>
<Name><![CDATA[t]]></Name>
<Value><![CDATA[0]]></Value>
<Type><![CDATA[double]]></Type>
<Dimension><![CDATA[]]></Dimension>
<Comment><![CDATA[]]></Comment>
</Variable>
<Variable>
<Name><![CDATA[x]]></Name>
<Value><![CDATA[0]]></Value>
<Type><![CDATA[double]]></Type>
<Dimension><![CDATA[]]></Dimension>
<Comment><![CDATA[]]></Comment>
</Variable>
<Variable>
<Name><![CDATA[]]></Name>
<Value><![CDATA[]]></Value>
<Type><![CDATA[boolean]]></Type>
<Dimension><![CDATA[]]></Dimension>
<Comment><![CDATA[]]></Comment>
</Variable>
</Content>
</Osejs.Model.Variables.Page>
</Osejs.Model.Variables>
<Osejs.Model.Initialization>
</Osejs.Model.Initialization>
<Osejs.Model.Evolution>
<Osejs.Model.Evolution.Page>
<Type>EVOLUTION_EDITOR</Type>
<Name>Evol Page</Name>
<Active>true</Active>
<Content>
<Comment><![CDATA[]]></Comment>
<Code><![CDATA[
t += 0.1;
x = Math.sin(t);
_println ("t = "+t+ ", x = "+x);
if (isOpen) writeToFile();

]]></Code>
</Content>
</Osejs.Model.Evolution.Page>
</Osejs.Model.Evolution>
<Osejs.Model.Constraints>
</Osejs.Model.Constraints>
<Osejs.Model.Library>
<Osejs.Model.Library.Page>
<Type>LIBRARY_EDITOR</Type>
<Name>Writing</Name>
<Active>true</Active>
<Content>
<Comment><![CDATA[]]></Comment>
<Code><![CDATA[
private boolean writeToFile () {
  if (!isOpen) return false;
  try {
    // include one line for each ASCII line in your file
    output.write(t+","+x+"\r\n"); // \r\n in Windows, only \n in Unix
    return true;
  }
  catch (java.lang.Exception exc) {
    System.err.println ("Error when trying to save to file:"+filename);
    exc.printStackTrace(System.err);
    return false;
  }
}

private boolean closeFile () {
  if (!isOpen) return false;
  try {
    output.close(); // close the file
    isOpen = false;
    return true;
  }
  catch (java.lang.Exception ioe) {
    System.err.println ("Error when trying to close file:"+filename);
    ioe.printStackTrace(System.err);
    return false;
  }
}

private boolean openFile () {
  // returns true if successful, false otherwise
  if (isOpen) return false; // already saving
  try {
    java.io.File file = new java.io.File(filename);
    if (file.exists()) {
      int option = javax.swing.JOptionPane.showConfirmDialog(_view.frame,
      "File "+filename+" exists. Do you want to overwrite it?",
      "Warning",javax.swing.JOptionPane.YES_NO_OPTION);
      if (option!=javax.swing.JOptionPane.YES_OPTION) return false;
    }
    output = new java.io.FileWriter(file); // open the file
    isOpen = true;
    return true;
  }
  catch (java.lang.Exception ioe) {
    System.err.println ("Error when trying to open file:"+filename);
    ioe.printStackTrace(System.err);
    return false;
  }
}


]]></Code>
</Content>
</Osejs.Model.Library.Page>
</Osejs.Model.Library>
<Osejs.Model.Elements>
</Osejs.Model.Elements>
</Osejs.Model>
<Osejs.View>
<Osejs.View.Creation>
<Osejs.View.Creation.Element>
<Expanded>true</Expanded>
<Type>Elements.Frame</Type>
<Property name="name">frame</Property>
<Property name="_ejs_mainWindow">true</Property>
<Property name="title"><![CDATA[frame]]></Property>
<Property name="layout"><![CDATA[border:0,0]]></Property>
<Property name="visible"><![CDATA[true]]></Property>
<Property name="size"><![CDATA["301,298"]]></Property>
</Osejs.View.Creation.Element>
<Osejs.View.Creation.Element>
<Expanded>true</Expanded>
<Type>Elements.Panel</Type>
<Property name="name">Top</Property>
<Property name="parent">frame</Property>
<Property name="position">north</Property>
<Property name="layout"><![CDATA[grid:0,1,0,0]]></Property>
</Osejs.View.Creation.Element>
<Osejs.View.Creation.Element>
<Expanded>true</Expanded>
<Type>Elements.Panel</Type>
<Property name="name">panel</Property>
<Property name="parent">Top</Property>
<Property name="layout"><![CDATA[border]]></Property>
</Osejs.View.Creation.Element>
<Osejs.View.Creation.Element>
<Type>Elements.Label</Type>
<Property name="name">label</Property>
<Property name="parent">panel</Property>
<Property name="position">west</Property>
<Property name="text"><![CDATA[" Filename: "]]></Property>
</Osejs.View.Creation.Element>
<Osejs.View.Creation.Element>
<Type>Elements.TextField</Type>
<Property name="name">textField</Property>
<Property name="parent">panel</Property>
<Property name="position">center</Property>
<Property name="variable"><![CDATA[filename]]></Property>
</Osejs.View.Creation.Element>
<Osejs.View.Creation.Element>
<Expanded>true</Expanded>
<Type>Elements.Panel</Type>
<Property name="name">panel2</Property>
<Property name="parent">Top</Property>
<Property name="layout"><![CDATA[FLOW:center,0,0]]></Property>
</Osejs.View.Creation.Element>
<Osejs.View.Creation.Element>
<Type>Elements.Button</Type>
<Property name="name">startSave</Property>
<Property name="parent">panel2</Property>
<Property name="position">west</Property>
<Property name="text"><![CDATA["Start writing"]]></Property>
<Property name="enabled"><![CDATA[!isOpen]]></Property>
<Property name="action"><![CDATA[openFile();]]></Property>
</Osejs.View.Creation.Element>
<Osejs.View.Creation.Element>
<Type>Elements.Button</Type>
<Property name="name">endSave</Property>
<Property name="parent">panel2</Property>
<Property name="text"><![CDATA["End writing"]]></Property>
<Property name="enabled"><![CDATA[isOpen]]></Property>
<Property name="action"><![CDATA[closeFile () ]]></Property>
</Osejs.View.Creation.Element>
<Osejs.View.Creation.Element>
<Type>Elements.TextArea</Type>
<Property name="name">TextArea</Property>
<Property name="parent">frame</Property>
<Property name="position">center</Property>
<Property name="title"><![CDATA[TextArea]]></Property>
</Osejs.View.Creation.Element>
<Osejs.View.Creation.Element>
<Expanded>true</Expanded>
<Type>Elements.Panel</Type>
<Property name="name">buttonsPanel2</Property>
<Property name="parent">frame</Property>
<Property name="position">south</Property>
<Property name="layout"><![CDATA[FLOW:center,0,0]]></Property>
<Property name="borderType"><![CDATA[LOWERED_ETCHED]]></Property>
</Osejs.View.Creation.Element>
<Osejs.View.Creation.Element>
<Type>Elements.TwoStateButton</Type>
<Property name="name">playPauseButton2</Property>
<Property name="parent">buttonsPanel2</Property>
<Property name="variable"><![CDATA[_isPaused]]></Property>
<Property name="imageOn"><![CDATA[/org/opensourcephysics/resources/controls/images/play.gif]]></Property>
<Property name="actionOn"><![CDATA[_play()]]></Property>
<Property name="imageOff"><![CDATA[/org/opensourcephysics/resources/controls/images/pause.gif]]></Property>
<Property name="actionOff"><![CDATA[_pause()]]></Property>
</Osejs.View.Creation.Element>
<Osejs.View.Creation.Element>
<Type>Elements.Button</Type>
<Property name="name">resetButton2</Property>
<Property name="parent">buttonsPanel2</Property>
<Property name="image"><![CDATA[/org/opensourcephysics/resources/controls/images/reset.gif]]></Property>
<Property name="action"><![CDATA[_reset()]]></Property>
</Osejs.View.Creation.Element>
<Osejs.View.Creation.Element>
<Type>Elements.Label</Type>
<Property name="name">aFieldLabel2</Property>
<Property name="parent">buttonsPanel2</Property>
<Property name="text"><![CDATA[" t="]]></Property>
</Osejs.View.Creation.Element>
<Osejs.View.Creation.Element>
<Type>Elements.ParsedField</Type>
<Property name="name">aField2</Property>
<Property name="parent">buttonsPanel2</Property>
<Property name="variable"><![CDATA[t]]></Property>
<Property name="columns"><![CDATA[5]]></Property>
</Osejs.View.Creation.Element>
</Osejs.View.Creation>
</Osejs.View>
<Osejs.Experiment>
</Osejs.Experiment>
</Osejs>
