<!-- This XML file has been created by Easy Java Simulations (Ejs). Visit http://www.um.es/fem/Ejs. -->
<!-- Please, save the file to your hard disk on your Ejs' user directory and open it with Ejs. -->
<Osejs version="4.1">
<Osejs.Information>
<Title><![CDATA[Interrupted Pendulum]]></Title>
<Author><![CDATA[Francisco Esquembre, Universidad de Murcia, Spain]]></Author>
<Keywords><![CDATA[Pendulum, State Event]]></Keywords>
<Level><![CDATA[Medium]]></Level>
<Language><![CDATA[English]]></Language>
<Abstract><![CDATA[This simulation shows a pendulum with an obstacle that interrupts the normal swing of the rod.]]></Abstract>
<AdditionalLibraries>
</AdditionalLibraries>
<ImportStatements>
</ImportStatements>
<AuxiliaryFiles><![CDATA[]]></AuxiliaryFiles>
<DetectedFiles><![CDATA[./InterruptedPendulum/InterruptedPendulum.gif;]]></DetectedFiles>
</Osejs.Information>
<Osejs.Description>
<Osejs.Description.Page>
<Type>DESCRIPTION_EDITOR</Type>
<Name>Interrupted pendulum</Name>
<Active>true</Active>
<Content>
<![CDATA[
<html>
  <head>
    
  </head>
  <body>
    <table>
      <tr>
        <td>
          <h1>
            Interrupted pendulum
          </h1>
          <p>
            This is a simulation of a pendulum whose normal oscillation is 
            affected by an obstacle in the trajectory.
          </p>
          <p>
            
          </p>
          <p>
            This actually means a discontinuity in the differential equations 
            of motion, which is treated as an event.
          </p>
          <p>
            
          </p>
          <p>
            Simulation adapted from the book (in Spanish)
          </p>
          <p>
            <b>Creaci&#243;n de Simulaciones Interactivas en Java.</b><br><b><i> 
            Aplicaci&#243;n para la Ense&#241;anza de las Ciencias.<br></i>F. 
            Esquembre</b>
          </p>
          <p>
            (C) Pearson Educaci&#243;n 2004.
          </p>
        </td>
        <td>
          <img src="./InterruptedPendulum/InterruptedPendulum.gif">
        </td>
      </tr>
    </table>
  </body>
</html>

]]>

</Content>
</Osejs.Description.Page>
</Osejs.Description>
<Osejs.Model>
<Osejs.Model.FramesPerSecond>10</Osejs.Model.FramesPerSecond>
<Osejs.Model.StepsPerDisplay>1</Osejs.Model.StepsPerDisplay>
<Osejs.Model.Autostart>false</Osejs.Model.Autostart>
<Osejs.Model.Variables>
<Osejs.Model.Variables.Page>
<Type>VARIABLE_EDITOR</Type>
<Name>Tabla Variables</Name>
<Active>true</Active>
<Content>
<PageComment><![CDATA[]]></PageComment>
<Variable>
<Name><![CDATA[t]]></Name>
<Value><![CDATA[0]]></Value>
<Type><![CDATA[double]]></Type>
<Dimension><![CDATA[]]></Dimension>
<Comment><![CDATA[time]]></Comment>
</Variable>
<Variable>
<Name><![CDATA[h]]></Name>
<Value><![CDATA[0.1]]></Value>
<Type><![CDATA[double]]></Type>
<Dimension><![CDATA[]]></Dimension>
<Comment><![CDATA[increment of time]]></Comment>
</Variable>
<Variable>
<Name><![CDATA[m]]></Name>
<Value><![CDATA[1]]></Value>
<Type><![CDATA[double]]></Type>
<Dimension><![CDATA[]]></Dimension>
<Comment><![CDATA[mass]]></Comment>
</Variable>
<Variable>
<Name><![CDATA[g]]></Name>
<Value><![CDATA[9.8]]></Value>
<Type><![CDATA[double]]></Type>
<Dimension><![CDATA[]]></Dimension>
<Comment><![CDATA[gravity]]></Comment>
</Variable>
<Variable>
<Name><![CDATA[lTotal]]></Name>
<Value><![CDATA[1.8]]></Value>
<Type><![CDATA[double]]></Type>
<Dimension><![CDATA[]]></Dimension>
<Comment><![CDATA[total length of the string]]></Comment>
</Variable>
<Variable>
<Name><![CDATA[d]]></Name>
<Value><![CDATA[1.2]]></Value>
<Type><![CDATA[double]]></Type>
<Dimension><![CDATA[]]></Dimension>
<Comment><![CDATA[the distance fom the obstacle to the fixed point]]></Comment>
</Variable>
<Variable>
<Name><![CDATA[leftSide]]></Name>
<Value><![CDATA[false]]></Value>
<Type><![CDATA[boolean]]></Type>
<Dimension><![CDATA[]]></Dimension>
<Comment><![CDATA[whether motion takes place on the left side of the obstacle]]></Comment>
</Variable>
<Variable>
<Name><![CDATA[l]]></Name>
<Value><![CDATA[lTotal]]></Value>
<Type><![CDATA[double]]></Type>
<Dimension><![CDATA[]]></Dimension>
<Comment><![CDATA[the actual lenght of the pendulum string]]></Comment>
</Variable>
<Variable>
<Name><![CDATA[theta]]></Name>
<Value><![CDATA[Math.PI/4]]></Value>
<Type><![CDATA[double]]></Type>
<Dimension><![CDATA[]]></Dimension>
<Comment><![CDATA[oscillation angle]]></Comment>
</Variable>
<Variable>
<Name><![CDATA[omega]]></Name>
<Value><![CDATA[0]]></Value>
<Type><![CDATA[double]]></Type>
<Dimension><![CDATA[]]></Dimension>
<Comment><![CDATA[angular velocity]]></Comment>
</Variable>
<Variable>
<Name><![CDATA[x1]]></Name>
<Value><![CDATA[d * Math.sin(theta)]]></Value>
<Type><![CDATA[double]]></Type>
<Dimension><![CDATA[]]></Dimension>
<Comment><![CDATA[X coodinate of the first part of the string]]></Comment>
</Variable>
<Variable>
<Name><![CDATA[y1]]></Name>
<Value><![CDATA[- d * Math.cos(theta)]]></Value>
<Type><![CDATA[double]]></Type>
<Dimension><![CDATA[]]></Dimension>
<Comment><![CDATA[Y coodinate of the first part of the string]]></Comment>
</Variable>
<Variable>
<Name><![CDATA[x2]]></Name>
<Value><![CDATA[x1 + (lTotal-d)*Math.sin(theta)]]></Value>
<Type><![CDATA[double]]></Type>
<Dimension><![CDATA[]]></Dimension>
<Comment><![CDATA[X coodinate of the mass]]></Comment>
</Variable>
<Variable>
<Name><![CDATA[y2]]></Name>
<Value><![CDATA[y1 - (lTotal-d)*Math.cos(theta)]]></Value>
<Type><![CDATA[double]]></Type>
<Dimension><![CDATA[]]></Dimension>
<Comment><![CDATA[Y coodinate of the mass]]></Comment>
</Variable>

</Content>
</Osejs.Model.Variables.Page>
</Osejs.Model.Variables>
<Osejs.Model.Initialization>
</Osejs.Model.Initialization>
<Osejs.Model.Evolution>
<Osejs.Model.Evolution.Page>
<Type>ODE_EDITOR</Type>
<Name>Evolution</Name>
<Active>true</Active>
<Content>
<PreliminaryCode>
<Comment><![CDATA[]]></Comment>
<Code><![CDATA[

]]></Code>
</PreliminaryCode>
<IndependentVariable>t</IndependentVariable>
<Increment>h</Increment>
<Increment>h</Increment>
<Rate state="theta">omega</Rate>
<Rate state="omega">-g/l * Math.sin(theta)</Rate>
<Method>RungeKutta</Method>
<Tolerance></Tolerance>
<Comment><![CDATA[Differential equations of motion]]></Comment>
<Events><Event.Page>
<Type>EVENT_EDITOR</Type>
<Name>Evento</Name>
<Active>true</Active>
<EventContent>
<Comment><![CDATA[Interrupted pendulum]]></Comment>
<ZeroCondition><![CDATA[
if (omega>0) { // moving to the right
  if (leftSide) return -theta;
  else return 0.001;
}
else { // moving to the left (or stopped)
  if (leftSide) return 0.001;
  else return theta;
}
]]></ZeroCondition>
<Tolerance><![CDATA[0.001]]></Tolerance>
<Action><![CDATA[
if (leftSide){ omega = omega*l/lTotal; l = lTotal; }
else { l = lTotal-d; omega = omega*lTotal/l; }
leftSide = ! leftSide;
]]></Action>
<StopAtEvent>true</StopAtEvent>

</EventContent>
</Event.Page>
</Events>

</Content>
</Osejs.Model.Evolution.Page>
</Osejs.Model.Evolution>
<Osejs.Model.Constraints>
<Osejs.Model.Constraints.Page>
<Type>CODE_EDITOR</Type>
<Name>Cartesian coordinates</Name>
<Active>true</Active>
<Content>
<Comment><![CDATA[C�lculo de las posiciones en coordenadas cartesianas]]></Comment>
<Code><![CDATA[
if (leftSide) {
  x1 =   0;
  y1 = - d;
}
else {
  x1 =   d * Math.sin(theta);
  y1 = - d * Math.cos(theta);
}
x2 = x1 + (lTotal-d)*Math.sin(theta);
y2 = y1 - (lTotal-d)*Math.cos(theta);

]]></Code>

</Content>
</Osejs.Model.Constraints.Page>
</Osejs.Model.Constraints>
<Osejs.Model.Library>
</Osejs.Model.Library>
</Osejs.Model>
<Osejs.View>
<Osejs.View.Creation>
<Osejs.View.Creation.Element>
<Expanded>false</Expanded>
<Type>Elements.Frame</Type>
<Property name="name">Frame</Property>
<Property name="_ejs_mainWindow">true</Property>
<Property name="title"><![CDATA[Interrupted pendulum]]></Property>
<Property name="layout"><![CDATA[border]]></Property>
<Property name="visible"><![CDATA[true]]></Property>
<Property name="location"><![CDATA["0,0"]]></Property>
<Property name="size"><![CDATA["300,320"]]></Property>
</Osejs.View.Creation.Element>
<Osejs.View.Creation.Element>
<Expanded>false</Expanded>
<Type>Elements.Panel</Type>
<Property name="name">Panel</Property>
<Property name="parent">Frame</Property>
<Property name="position">south</Property>
<Property name="layout"><![CDATA[flow:center,0,0]]></Property>
</Osejs.View.Creation.Element>
<Osejs.View.Creation.Element>
<Type>Elements.Button</Type>
<Property name="name">Play</Property>
<Property name="parent">Panel</Property>
<Property name="text"><![CDATA[Play]]></Property>
<Property name="enabled"><![CDATA[_isPaused]]></Property>
<Property name="action"><![CDATA[_play()]]></Property>
</Osejs.View.Creation.Element>
<Osejs.View.Creation.Element>
<Type>Elements.Button</Type>
<Property name="name">Pause</Property>
<Property name="parent">Panel</Property>
<Property name="text"><![CDATA[Pause]]></Property>
<Property name="enabled"><![CDATA[_isPlaying]]></Property>
<Property name="action"><![CDATA[_pause()]]></Property>
</Osejs.View.Creation.Element>
<Osejs.View.Creation.Element>
<Type>Elements.Button</Type>
<Property name="name">Step</Property>
<Property name="parent">Panel</Property>
<Property name="text"><![CDATA[Step>>]]></Property>
<Property name="action"><![CDATA[_step()]]></Property>
</Osejs.View.Creation.Element>
<Osejs.View.Creation.Element>
<Type>Elements.Button</Type>
<Property name="name">Reset</Property>
<Property name="parent">Panel</Property>
<Property name="text"><![CDATA[Reset]]></Property>
<Property name="action"><![CDATA[_reset()]]></Property>
</Osejs.View.Creation.Element>
<Osejs.View.Creation.Element>
<Expanded>false</Expanded>
<Type>Elements.DrawingPanel</Type>
<Property name="name">DrawingPanel</Property>
<Property name="parent">Frame</Property>
<Property name="position">center</Property>
<Property name="autoscaleX"><![CDATA[false]]></Property>
<Property name="autoscaleY"><![CDATA[false]]></Property>
<Property name="minimumX"><![CDATA[-2]]></Property>
<Property name="maximumX"><![CDATA[2]]></Property>
<Property name="minimumY"><![CDATA[-2]]></Property>
<Property name="maximumY"><![CDATA[2]]></Property>
</Osejs.View.Creation.Element>
<Osejs.View.Creation.Element>
<Type>Elements.Arrow</Type>
<Property name="name">String1</Property>
<Property name="parent">DrawingPanel</Property>
<Property name="x"><![CDATA[0]]></Property>
<Property name="y"><![CDATA[0]]></Property>
<Property name="sizex"><![CDATA[x1]]></Property>
<Property name="sizey"><![CDATA[y1]]></Property>
<Property name="enabled"><![CDATA[false]]></Property>
<Property name="style"><![CDATA[SEGMENT]]></Property>
</Osejs.View.Creation.Element>
<Osejs.View.Creation.Element>
<Type>Elements.Arrow</Type>
<Property name="name">String2</Property>
<Property name="parent">DrawingPanel</Property>
<Property name="x"><![CDATA[x1]]></Property>
<Property name="y"><![CDATA[y1]]></Property>
<Property name="sizex"><![CDATA[x2-x1 ]]></Property>
<Property name="sizey"><![CDATA[y2-y1 ]]></Property>
<Property name="enabled"><![CDATA[false]]></Property>
<Property name="style"><![CDATA[SEGMENT]]></Property>
</Osejs.View.Creation.Element>
<Osejs.View.Creation.Element>
<Type>Elements.Particle</Type>
<Property name="name">Mass</Property>
<Property name="parent">DrawingPanel</Property>
<Property name="x"><![CDATA[x2]]></Property>
<Property name="y"><![CDATA[y2]]></Property>
<Property name="sizex"><![CDATA[0.2]]></Property>
<Property name="sizey"><![CDATA[0.2]]></Property>
<Property name="enabled"><![CDATA[false]]></Property>
</Osejs.View.Creation.Element>
<Osejs.View.Creation.Element>
<Type>Elements.Particle</Type>
<Property name="name">Obstacle</Property>
<Property name="parent">DrawingPanel</Property>
<Property name="x"><![CDATA[0]]></Property>
<Property name="y"><![CDATA[-d ]]></Property>
<Property name="enabled"><![CDATA[false]]></Property>
<Property name="style"><![CDATA[RECTANGLE]]></Property>
<Property name="elementposition"><![CDATA[SOUTH_EAST]]></Property>
<Property name="color"><![CDATA[red]]></Property>
</Osejs.View.Creation.Element>
<Osejs.View.Creation.Element>
<Expanded>false</Expanded>
<Type>Elements.Dialog</Type>
<Property name="name">Dialog</Property>
<Property name="title"><![CDATA[Graph of the interrupted pendulum]]></Property>
<Property name="layout"><![CDATA[border]]></Property>
<Property name="visible"><![CDATA[true]]></Property>
<Property name="location"><![CDATA["320,0"]]></Property>
<Property name="size"><![CDATA["400,200"]]></Property>
</Osejs.View.Creation.Element>
<Osejs.View.Creation.Element>
<Expanded>false</Expanded>
<Type>Elements.PlottingPanel</Type>
<Property name="name">PlottingPanel</Property>
<Property name="parent">Dialog</Property>
<Property name="position">center</Property>
<Property name="autoscaleX"><![CDATA[true]]></Property>
<Property name="autoscaleY"><![CDATA[true]]></Property>
<Property name="title"><![CDATA[Oscillations of the interrupted pendulum]]></Property>
</Osejs.View.Creation.Element>
<Osejs.View.Creation.Element>
<Type>Elements.Trace</Type>
<Property name="name">Traza</Property>
<Property name="parent">PlottingPanel</Property>
<Property name="x"><![CDATA[t]]></Property>
<Property name="y"><![CDATA[theta]]></Property>
<Property name="connected"><![CDATA[true]]></Property>
</Osejs.View.Creation.Element>
</Osejs.View.Creation>
</Osejs.View>
<Osejs.Experiment>
</Osejs.Experiment>
</Osejs>
