<!-- This XML file has been created by Easy Java Simulations (Ejs). Visit http://www.um.es/fem/Ejs. -->
<!-- Please, save the file to your hard disk on your Ejs' user directory and open it with Ejs. -->
<Osejs version="4.1">
<Osejs.Information>
<Title><![CDATA[ODE plotter]]></Title>
<Author><![CDATA[Francisco Esquembre, Universidad de Murcia]]></Author>
<Keywords><![CDATA[]]></Keywords>
<Level><![CDATA[]]></Level>
<Language><![CDATA[]]></Language>
<Abstract><![CDATA[]]></Abstract>
<CaptureTools>false</CaptureTools>
<DataTools>false</DataTools>
<LanguageTools>false</LanguageTools>
<AdditionalLibraries>
</AdditionalLibraries>
<ImportStatements>
</ImportStatements>
<AuxiliaryFiles><![CDATA[]]></AuxiliaryFiles>
<DetectedFiles><![CDATA[./ODEPlotter/ODEPlotter.jpg;]]></DetectedFiles>
</Osejs.Information>
<Osejs.Description>
<Osejs.Description.Page>
<Type>DESCRIPTION_EDITOR</Type>
<Name>Introduction</Name>
<Active>true</Active>
<Content>
<![CDATA[
<html>
  <head>
    
  </head>
  <body>
    <h1>
      ODE solution plotter
    </h1>
    <p>
      This example uses the ODE editor of EJS and two Trail 2D view elements 
      to plot the solution of a second-order ordinary differential equation of 
      the form:
    </p>
    <p align="center">
      <font size="5">x''(t) = -f(t,x,x')</font>.
    </p>
    <p align="center">
      <img src="./ODEPlotter/ODEPlotter.jpg">
    </p>
  </body>
</html>

]]>

</Content>
</Osejs.Description.Page>
</Osejs.Description>
<Osejs.Model>
<Osejs.Model.FramesPerSecond>20</Osejs.Model.FramesPerSecond>
<Osejs.Model.StepsPerDisplay>spd</Osejs.Model.StepsPerDisplay>
<Osejs.Model.Autostart>false</Osejs.Model.Autostart>
<Osejs.Model.Variables>
<Osejs.Model.Variables.Page>
<Type>VARIABLE_EDITOR</Type>
<Name>Dynamical Vars</Name>
<Active>true</Active>
<Content>
<PageComment><![CDATA[variables that describe the dynamics]]></PageComment>
<Variable>
<Name><![CDATA[xinit]]></Name>
<Value><![CDATA[1]]></Value>
<Type><![CDATA[double]]></Type>
<Dimension><![CDATA[]]></Dimension>
<Comment><![CDATA[]]></Comment>
</Variable>
<Variable>
<Name><![CDATA[vinit]]></Name>
<Value><![CDATA[0]]></Value>
<Type><![CDATA[double]]></Type>
<Dimension><![CDATA[]]></Dimension>
<Comment><![CDATA[]]></Comment>
</Variable>
<Variable>
<Name><![CDATA[x]]></Name>
<Value><![CDATA[xinit]]></Value>
<Type><![CDATA[double]]></Type>
<Dimension><![CDATA[]]></Dimension>
<Comment><![CDATA[x coordinate (not displacement) of the end of the spring]]></Comment>
</Variable>
<Variable>
<Name><![CDATA[v]]></Name>
<Value><![CDATA[vinit]]></Value>
<Type><![CDATA[double]]></Type>
<Dimension><![CDATA[]]></Dimension>
<Comment><![CDATA[x component of the velocity of the end of the spring]]></Comment>
</Variable>
<Variable>
<Name><![CDATA[tmin]]></Name>
<Value><![CDATA[0]]></Value>
<Type><![CDATA[double]]></Type>
<Dimension><![CDATA[]]></Dimension>
<Comment><![CDATA[]]></Comment>
</Variable>
<Variable>
<Name><![CDATA[tmax]]></Name>
<Value><![CDATA[6.28]]></Value>
<Type><![CDATA[double]]></Type>
<Dimension><![CDATA[]]></Dimension>
<Comment><![CDATA[]]></Comment>
</Variable>
<Variable>
<Name><![CDATA[t]]></Name>
<Value><![CDATA[0.0]]></Value>
<Type><![CDATA[double]]></Type>
<Dimension><![CDATA[]]></Dimension>
<Comment><![CDATA[current time]]></Comment>
</Variable>
<Variable>
<Name><![CDATA[dt]]></Name>
<Value><![CDATA[0.05]]></Value>
<Type><![CDATA[double]]></Type>
<Dimension><![CDATA[]]></Dimension>
<Comment><![CDATA[time increment in each evolution step]]></Comment>
</Variable>
<Variable>
<Name><![CDATA[spd]]></Name>
<Value><![CDATA[1]]></Value>
<Type><![CDATA[int]]></Type>
<Dimension><![CDATA[]]></Dimension>
<Comment><![CDATA[]]></Comment>
</Variable>

</Content>
</Osejs.Model.Variables.Page>
</Osejs.Model.Variables>
<Osejs.Model.Initialization>
<Osejs.Model.Initialization.Page>
<Type>CODE_EDITOR</Type>
<Name>Init Page</Name>
<Active>true</Active>
<Content>
<Comment><![CDATA[]]></Comment>
<Code><![CDATA[
t = tmin;
x = xinit;
v = vinit;
dt = (tmax-tmin)/300;
_view.resetTraces();


]]></Code>

</Content>
</Osejs.Model.Initialization.Page>
</Osejs.Model.Initialization>
<Osejs.Model.Evolution>
<Osejs.Model.Evolution.Page>
<Type>ODE_EDITOR</Type>
<Name>Equations</Name>
<Active>true</Active>
<Content>
<PreliminaryCode>
<Comment><![CDATA[]]></Comment>
<Code><![CDATA[

]]></Code>
</PreliminaryCode>
<IndependentVariable>t</IndependentVariable>
<Increment>dt</Increment>
<Increment>dt</Increment>
<Rate state="x">v</Rate>
<Rate state="v">_view.function.evaluate(t,x,v);</Rate>
<Method>RungeKuttaFehlberg</Method>
<Tolerance></Tolerance>
<Comment><![CDATA[differential equation]]></Comment>
<Events><Event.Page>
<Type>EVENT_EDITOR</Type>
<Name>Event</Name>
<Active>true</Active>
<EventContent>
<Comment><![CDATA[Pause at tmax]]></Comment>
<ZeroCondition><![CDATA[
return tmax-t;
]]></ZeroCondition>
<Tolerance><![CDATA[0.001]]></Tolerance>
<Action><![CDATA[
_pause();
]]></Action>
<StopAtEvent>true</StopAtEvent>

</EventContent>
</Event.Page>
</Events>

</Content>
</Osejs.Model.Evolution.Page>
</Osejs.Model.Evolution>
<Osejs.Model.Constraints>
</Osejs.Model.Constraints>
<Osejs.Model.Library>
</Osejs.Model.Library>
</Osejs.Model>
<Osejs.View>
<Osejs.View.Creation>
<Osejs.View.Creation.Element>
<Expanded>true</Expanded>
<Type>Elements.Frame</Type>
<Property name="name">frame</Property>
<Property name="_ejs_mainWindow">true</Property>
<Property name="title"><![CDATA["Mass and Spring"]]></Property>
<Property name="layout"><![CDATA[border]]></Property>
<Property name="visible"><![CDATA[true]]></Property>
<Property name="location"><![CDATA[0,0]]></Property>
<Property name="size"><![CDATA["623,321"]]></Property>
</Osejs.View.Creation.Element>
<Osejs.View.Creation.Element>
<Expanded>true</Expanded>
<Type>Elements.PlottingPanel</Type>
<Property name="name">plottingPanel</Property>
<Property name="parent">frame</Property>
<Property name="position">center</Property>
<Property name="autoscaleX"><![CDATA[false]]></Property>
<Property name="autoscaleY"><![CDATA[true]]></Property>
<Property name="minimumX"><![CDATA[tmin]]></Property>
<Property name="maximumX"><![CDATA[tmax]]></Property>
<Property name="minimumY"><![CDATA[-1]]></Property>
<Property name="maximumY"><![CDATA[1]]></Property>
<Property name="yMarginPercentage"><![CDATA[5]]></Property>
<Property name="titleX"><![CDATA["time"]]></Property>
<Property name="titleY"><![CDATA["x (blue) & v (red)"]]></Property>
</Osejs.View.Creation.Element>
<Osejs.View.Creation.Element>
<Type>Elements.Trail2D</Type>
<Property name="name">trail2DX</Property>
<Property name="parent">plottingPanel</Property>
<Property name="inputX"><![CDATA[t]]></Property>
<Property name="inputY"><![CDATA[x]]></Property>
<Property name="norepeat"><![CDATA[true]]></Property>
<Property name="connected"><![CDATA[true]]></Property>
<Property name="lineColor"><![CDATA[BLUE]]></Property>
<Property name="lineWidth"><![CDATA[2]]></Property>
</Osejs.View.Creation.Element>
<Osejs.View.Creation.Element>
<Type>Elements.Trail2D</Type>
<Property name="name">trail2DV</Property>
<Property name="parent">plottingPanel</Property>
<Property name="inputX"><![CDATA[t]]></Property>
<Property name="inputY"><![CDATA[v]]></Property>
<Property name="norepeat"><![CDATA[true]]></Property>
<Property name="connected"><![CDATA[true]]></Property>
<Property name="lineColor"><![CDATA[RED]]></Property>
<Property name="lineWidth"><![CDATA[2]]></Property>
</Osejs.View.Creation.Element>
<Osejs.View.Creation.Element>
<Expanded>true</Expanded>
<Type>Elements.Panel</Type>
<Property name="name">topPanel</Property>
<Property name="parent">frame</Property>
<Property name="position">north</Property>
<Property name="layout"><![CDATA[border:0,0]]></Property>
<Property name="borderType"><![CDATA[LOWERED_ETCHED]]></Property>
</Osejs.View.Creation.Element>
<Osejs.View.Creation.Element>
<Expanded>false</Expanded>
<Type>Elements.Panel</Type>
<Property name="name">buttonsPanel</Property>
<Property name="parent">topPanel</Property>
<Property name="position">west</Property>
<Property name="layout"><![CDATA[grid:1,2,0,0]]></Property>
</Osejs.View.Creation.Element>
<Osejs.View.Creation.Element>
<Type>Elements.Button</Type>
<Property name="name">resetButton</Property>
<Property name="parent">buttonsPanel</Property>
<Property name="image"><![CDATA[/org/opensourcephysics/resources/controls/images/reset.gif]]></Property>
<Property name="action"><![CDATA[_reset()]]></Property>
<Property name="tooltip"><![CDATA["Reset the simulation"]]></Property>
</Osejs.View.Creation.Element>
<Osejs.View.Creation.Element>
<Type>Elements.Button</Type>
<Property name="name">initButton</Property>
<Property name="parent">buttonsPanel</Property>
<Property name="image"><![CDATA["/org/opensourcephysics/resources/controls/images/stepback.gif"]]></Property>
<Property name="action"><![CDATA[_initialize()]]></Property>
<Property name="tooltip"><![CDATA["Initialize the simulation"]]></Property>
</Osejs.View.Creation.Element>
<Osejs.View.Creation.Element>
<Type>Elements.TwoStateButton</Type>
<Property name="name">playPauseButton</Property>
<Property name="parent">buttonsPanel</Property>
<Property name="variable"><![CDATA[_isPaused]]></Property>
<Property name="tooltip"><![CDATA["Play/Pause the simulation"]]></Property>
<Property name="imageOn"><![CDATA[/org/opensourcephysics/resources/controls/images/play.gif]]></Property>
<Property name="actionOn"><![CDATA[_play()]]></Property>
<Property name="imageOff"><![CDATA[/org/opensourcephysics/resources/controls/images/pause.gif]]></Property>
<Property name="actionOff"><![CDATA[_pause()]]></Property>
</Osejs.View.Creation.Element>
<Osejs.View.Creation.Element>
<Expanded>false</Expanded>
<Type>Elements.Panel</Type>
<Property name="name">rightPanel</Property>
<Property name="parent">topPanel</Property>
<Property name="position">east</Property>
<Property name="layout"><![CDATA[border]]></Property>
</Osejs.View.Creation.Element>
<Osejs.View.Creation.Element>
<Type>Elements.CheckBox</Type>
<Property name="name">highSpeed</Property>
<Property name="parent">rightPanel</Property>
<Property name="position">center</Property>
<Property name="selected"><![CDATA[false]]></Property>
<Property name="text"><![CDATA["High speed "]]></Property>
<Property name="actionon"><![CDATA[spd = 1000;]]></Property>
<Property name="actionoff"><![CDATA[spd = 1;]]></Property>
</Osejs.View.Creation.Element>
<Osejs.View.Creation.Element>
<Expanded>true</Expanded>
<Type>Elements.Panel</Type>
<Property name="name">parametersPanel</Property>
<Property name="parent">frame</Property>
<Property name="position">south</Property>
<Property name="layout"><![CDATA[BORDER:0,0]]></Property>
</Osejs.View.Creation.Element>
<Osejs.View.Creation.Element>
<Expanded>true</Expanded>
<Type>Elements.Panel</Type>
<Property name="name">timePanel</Property>
<Property name="parent">parametersPanel</Property>
<Property name="position">west</Property>
<Property name="layout"><![CDATA[GRID:1,0,0,0]]></Property>
</Osejs.View.Creation.Element>
<Osejs.View.Creation.Element>
<Expanded>false</Expanded>
<Type>Elements.Panel</Type>
<Property name="name">tminPanel</Property>
<Property name="parent">timePanel</Property>
<Property name="layout"><![CDATA[border]]></Property>
</Osejs.View.Creation.Element>
<Osejs.View.Creation.Element>
<Type>Elements.Label</Type>
<Property name="name">tminLabel</Property>
<Property name="parent">tminPanel</Property>
<Property name="position">west</Property>
<Property name="text"><![CDATA[" t min="]]></Property>
</Osejs.View.Creation.Element>
<Osejs.View.Creation.Element>
<Type>Elements.ParsedField</Type>
<Property name="name">tminField</Property>
<Property name="parent">tminPanel</Property>
<Property name="position">center</Property>
<Property name="variable"><![CDATA[tmin]]></Property>
<Property name="format"><![CDATA["0.00"]]></Property>
<Property name="columns"><![CDATA[3]]></Property>
</Osejs.View.Creation.Element>
<Osejs.View.Creation.Element>
<Expanded>false</Expanded>
<Type>Elements.Panel</Type>
<Property name="name">tmaxPanel</Property>
<Property name="parent">timePanel</Property>
<Property name="layout"><![CDATA[border]]></Property>
</Osejs.View.Creation.Element>
<Osejs.View.Creation.Element>
<Type>Elements.Label</Type>
<Property name="name">tmaxLabel</Property>
<Property name="parent">tmaxPanel</Property>
<Property name="position">west</Property>
<Property name="text"><![CDATA[" t max="]]></Property>
</Osejs.View.Creation.Element>
<Osejs.View.Creation.Element>
<Type>Elements.ParsedField</Type>
<Property name="name">tmaxField</Property>
<Property name="parent">tmaxPanel</Property>
<Property name="position">center</Property>
<Property name="variable"><![CDATA[tmax]]></Property>
<Property name="format"><![CDATA["0.00"]]></Property>
<Property name="columns"><![CDATA[3]]></Property>
</Osejs.View.Creation.Element>
<Osejs.View.Creation.Element>
<Expanded>false</Expanded>
<Type>Elements.Panel</Type>
<Property name="name">xinitPanel</Property>
<Property name="parent">timePanel</Property>
<Property name="layout"><![CDATA[border]]></Property>
</Osejs.View.Creation.Element>
<Osejs.View.Creation.Element>
<Type>Elements.Label</Type>
<Property name="name">xinitLabel</Property>
<Property name="parent">xinitPanel</Property>
<Property name="position">west</Property>
<Property name="text"><![CDATA[" x init="]]></Property>
</Osejs.View.Creation.Element>
<Osejs.View.Creation.Element>
<Type>Elements.ParsedField</Type>
<Property name="name">xinitField</Property>
<Property name="parent">xinitPanel</Property>
<Property name="position">center</Property>
<Property name="variable"><![CDATA[xinit]]></Property>
<Property name="format"><![CDATA["0.00"]]></Property>
<Property name="columns"><![CDATA[3]]></Property>
</Osejs.View.Creation.Element>
<Osejs.View.Creation.Element>
<Expanded>true</Expanded>
<Type>Elements.Panel</Type>
<Property name="name">vinitPanel</Property>
<Property name="parent">timePanel</Property>
<Property name="layout"><![CDATA[border]]></Property>
</Osejs.View.Creation.Element>
<Osejs.View.Creation.Element>
<Type>Elements.Label</Type>
<Property name="name">vinitLabel</Property>
<Property name="parent">vinitPanel</Property>
<Property name="position">west</Property>
<Property name="text"><![CDATA[" v init="]]></Property>
</Osejs.View.Creation.Element>
<Osejs.View.Creation.Element>
<Type>Elements.ParsedField</Type>
<Property name="name">vinitField</Property>
<Property name="parent">vinitPanel</Property>
<Property name="position">center</Property>
<Property name="variable"><![CDATA[vinit]]></Property>
<Property name="format"><![CDATA["0.00"]]></Property>
<Property name="columns"><![CDATA[3]]></Property>
</Osejs.View.Creation.Element>
<Osejs.View.Creation.Element>
<Expanded>false</Expanded>
<Type>Elements.Panel</Type>
<Property name="name">functionPanel</Property>
<Property name="parent">parametersPanel</Property>
<Property name="position">center</Property>
<Property name="layout"><![CDATA[border]]></Property>
</Osejs.View.Creation.Element>
<Osejs.View.Creation.Element>
<Type>Elements.Label</Type>
<Property name="name">functionLabel</Property>
<Property name="parent">functionPanel</Property>
<Property name="position">west</Property>
<Property name="text"><![CDATA[" f(t,x,v)="]]></Property>
</Osejs.View.Creation.Element>
<Osejs.View.Creation.Element>
<Type>Elements.Function</Type>
<Property name="name">function</Property>
<Property name="parent">functionPanel</Property>
<Property name="position">center</Property>
<Property name="value"><![CDATA["-x-0.5*v"]]></Property>
<Property name="independent"><![CDATA["t,x,v"]]></Property>
<Property name="javaSyntax"><![CDATA[false]]></Property>
<Property name="action"><![CDATA[_pause()]]></Property>
</Osejs.View.Creation.Element>
</Osejs.View.Creation>
</Osejs.View>
<Osejs.Experiment>
</Osejs.Experiment>
</Osejs>
