<!-- This XML file has been created by Easy Java Simulations (Ejs). Visit http://www.um.es/fem/Ejs. -->
<!-- Please, save the file to your hard disk on your Ejs' user directory and open it with Ejs. -->
<Osejs version="4.1">
<Osejs.Information>
<Title><![CDATA[User JAR example]]></Title>
<Author><![CDATA[Francisco Esquembre - Universidad de Murcia, Spain]]></Author>
<Keywords><![CDATA[]]></Keywords>
<Level><![CDATA[]]></Level>
<Language><![CDATA[]]></Language>
<Abstract><![CDATA[e-mail: fem@um.es]]></Abstract>
<CaptureTools>false</CaptureTools>
<DataTools>false</DataTools>
<LanguageTools>false</LanguageTools>
<AdditionalLibraries>
<Library><![CDATA[./UserJarExample/myJar.jar]]></Library>
</AdditionalLibraries>
<ImportStatements>
<Import><![CDATA[mypackage.MyMathClass]]></Import>
</ImportStatements>
<AuxiliaryFiles><![CDATA[]]></AuxiliaryFiles>
<DetectedFiles><![CDATA[./UserJarExample/myJar.jar;]]></DetectedFiles>
</Osejs.Information>
<Osejs.Description>
<Osejs.Description.Page>
<Type>DESCRIPTION_EDITOR</Type>
<Name>Introduction</Name>
<Active>true</Active>
<Content>
<![CDATA[
<html>
  <head>
    
  </head>
  <body>
    <h3>
      Using your own JAR libraries
    </h3>
    <p>
      This example shows how to use user defined JAR files in&#160; EJS. The JAR 
      file used here is quite simple. It just contains a class with a single 
      method to compute the thrid power of a double number.
    </p>
    <p>
      The steps to follow are:
    </p>
    <ol>
      <li>
        Create your source code which must be in one or more packages. (See 
        the sample code for constructing a function f(x) = x*x*x in the next 
        tab of this description.)
      </li>
      <li>
        Compile this code properly.
      </li>
      <li>
        Create a JAR file (using Java's jar utility) for the generated classes.
      </li>
      <li>
        Copy this JAR file into your workspace source directory (preferably 
        under the same directory of your source XML file).
      </li>
      <li>
        Open the simulation information panel (top-right icon of EJS) and add 
        this JAR file to the list of 'JAR Libraries' as indicated in the 
        'Option and files' tab of the panel.
      </li>
    </ol>
    <p>
      You can now use this method (fully qualified) as any other Java method. 
      In our example, the method is called as in: <tt>mypackage.MyMathClass.power3(x); 
      </tt>
    </p>
    <p>
      If you want to make it easy to use this method, you can add <tt>mypackage.MyMathClass 
      </tt>to the list of import statements of the 'Option and files' tab of 
      the simulation information panel, and then call the method simply as in 
      : <tt>MyMathClass.power3(x);</tt>
    </p>
  </body>
</html>

]]>

</Content>
</Osejs.Description.Page>
<Osejs.Description.Page>
<Type>DESCRIPTION_EDITOR</Type>
<Name>Source code</Name>
<Active>true</Active>
<Content>
<![CDATA[
<html>
  <head>
    
  </head>
  <body>
    <p style="margin-top: 0">
      package mypackage;
    </p>
    <p style="margin-top: 0">
      
    </p>
    <p style="margin-top: 0">
      public class MyMathClass {
    </p>
    <p style="margin-top: 0">
      
    </p>
    <p style="margin-top: 0">
      static public double power3(double x) {
    </p>
    <p style="margin-top: 0">
      return x*x*x;
    </p>
    <p style="margin-top: 0">
      }
    </p>
    <p style="margin-top: 0">
      
    </p>
    <p style="margin-top: 0">
      }
    </p>
  </body>
</html>

]]>

</Content>
</Osejs.Description.Page>
</Osejs.Description>
<Osejs.Model>
<Osejs.Model.FramesPerSecond>25</Osejs.Model.FramesPerSecond>
<Osejs.Model.StepsPerDisplay>1</Osejs.Model.StepsPerDisplay>
<Osejs.Model.Autostart>false</Osejs.Model.Autostart>
<Osejs.Model.Variables>
<Osejs.Model.Variables.Page>
<Type>VARIABLE_EDITOR</Type>
<Name>Var Table</Name>
<Active>true</Active>
<Content>
<PageComment><![CDATA[]]></PageComment>
<Variable>
<Name><![CDATA[x]]></Name>
<Value><![CDATA[0]]></Value>
<Type><![CDATA[double]]></Type>
<Dimension><![CDATA[]]></Dimension>
<Comment><![CDATA[]]></Comment>
</Variable>

</Content>
</Osejs.Model.Variables.Page>
</Osejs.Model.Variables>
<Osejs.Model.Initialization>
</Osejs.Model.Initialization>
<Osejs.Model.Evolution>
</Osejs.Model.Evolution>
<Osejs.Model.Constraints>
</Osejs.Model.Constraints>
<Osejs.Model.Library>
</Osejs.Model.Library>
</Osejs.Model>
<Osejs.View>
<Osejs.View.Creation>
<Osejs.View.Creation.Element>
<Expanded>true</Expanded>
<Type>Elements.Frame</Type>
<Property name="name">ventana</Property>
<Property name="_ejs_mainWindow">true</Property>
<Property name="title"><![CDATA["User JAR example"]]></Property>
<Property name="layout"><![CDATA[border]]></Property>
<Property name="visible"><![CDATA[true]]></Property>
<Property name="size"><![CDATA["402,49"]]></Property>
</Osejs.View.Creation.Element>
<Osejs.View.Creation.Element>
<Expanded>true</Expanded>
<Type>Elements.Panel</Type>
<Property name="name">panel</Property>
<Property name="parent">ventana</Property>
<Property name="position">center</Property>
<Property name="layout"><![CDATA[FLOW:center,0,0]]></Property>
</Osejs.View.Creation.Element>
<Osejs.View.Creation.Element>
<Type>Elements.Label</Type>
<Property name="name">inputLabel</Property>
<Property name="parent">panel</Property>
<Property name="text"><![CDATA["Enter x ="]]></Property>
</Osejs.View.Creation.Element>
<Osejs.View.Creation.Element>
<Type>Elements.ParsedField</Type>
<Property name="name">inputField</Property>
<Property name="parent">panel</Property>
<Property name="variable"><![CDATA[x]]></Property>
<Property name="format"><![CDATA["0.#####"]]></Property>
<Property name="columns"><![CDATA[5]]></Property>
</Osejs.View.Creation.Element>
<Osejs.View.Creation.Element>
<Type>Elements.Label</Type>
<Property name="name">resultValue</Property>
<Property name="parent">panel</Property>
<Property name="text"><![CDATA[" x^3 ="]]></Property>
</Osejs.View.Creation.Element>
<Osejs.View.Creation.Element>
<Type>Elements.ParsedField</Type>
<Property name="name">resultField</Property>
<Property name="parent">panel</Property>
<Property name="variable"><![CDATA[MyMathClass.power3(x)]]></Property>
<Property name="format"><![CDATA["0.######"]]></Property>
<Property name="editable"><![CDATA[false]]></Property>
<Property name="columns"><![CDATA[5]]></Property>
</Osejs.View.Creation.Element>
</Osejs.View.Creation>
</Osejs.View>
<Osejs.Experiment>
</Osejs.Experiment>
</Osejs>
