<!-- This XML file has been created by Easy Java Simulations (Ejs). Visit http://www.um.es/fem/Ejs. -->
<!-- Please, save the file to your hard disk on your Ejs' user directory and open it with Ejs. -->
<Osejs version="4.1">
<Osejs.Information>
<Title><![CDATA[Video motion]]></Title>
<Author><![CDATA[Francisco Esquembre, Universidad de Murcia]]></Author>
<Keywords><![CDATA[video, parabolic motion]]></Keywords>
<Level><![CDATA[]]></Level>
<Language><![CDATA[]]></Language>
<Abstract><![CDATA[]]></Abstract>
<AdditionalLibraries>
</AdditionalLibraries>
<ImportStatements>
</ImportStatements>
<AuxiliaryFiles><![CDATA[]]></AuxiliaryFiles>
<DetectedFiles><![CDATA[./VideoThrow/TossOutStrobe.mov;./VideoThrow/VideoThrow.gif;]]></DetectedFiles>
</Osejs.Information>
<Osejs.Description>
<Osejs.Description.Page>
<Type>DESCRIPTION_EDITOR</Type>
<Name>Introduction</Name>
<Active>true</Active>
<Content>
<![CDATA[
<html>
  <head>
    
  </head>
  <body>
    <h1>
      Video Throw
    </h1>
    <p>
      In this simulation, we superimpose the motion of a ball computed by 
      solving the equations of motion with a video of a real such motion.
    </p>
    <p>
      The user must adjust the initial conditions and the parameters so that 
      both motions, the computed and the one displayed by the video, match 
      closely.
    </p>
    <p align="center">
      <img src="./VideoThrow/VideoThrow.gif">
    </p>
  </body>
</html>

]]>

</Content>
</Osejs.Description.Page>
</Osejs.Description>
<Osejs.Model>
<Osejs.Model.FramesPerSecond>5</Osejs.Model.FramesPerSecond>
<Osejs.Model.StepsPerDisplay>1</Osejs.Model.StepsPerDisplay>
<Osejs.Model.Autostart>false</Osejs.Model.Autostart>
<Osejs.Model.Variables>
<Osejs.Model.Variables.Page>
<Type>VARIABLE_EDITOR</Type>
<Name>Variables</Name>
<Active>true</Active>
<Content>
<PageComment><![CDATA[]]></PageComment>
<Variable>
<Name><![CDATA[xinit]]></Name>
<Value><![CDATA[-1]]></Value>
<Type><![CDATA[double]]></Type>
<Dimension><![CDATA[]]></Dimension>
<Comment><![CDATA[x initial condition]]></Comment>
</Variable>
<Variable>
<Name><![CDATA[yinit]]></Name>
<Value><![CDATA[-1]]></Value>
<Type><![CDATA[double]]></Type>
<Dimension><![CDATA[]]></Dimension>
<Comment><![CDATA[y initial condition]]></Comment>
</Variable>
<Variable>
<Name><![CDATA[vxinit]]></Name>
<Value><![CDATA[2]]></Value>
<Type><![CDATA[double]]></Type>
<Dimension><![CDATA[]]></Dimension>
<Comment><![CDATA[vx initial condition]]></Comment>
</Variable>
<Variable>
<Name><![CDATA[vyinit]]></Name>
<Value><![CDATA[5]]></Value>
<Type><![CDATA[double]]></Type>
<Dimension><![CDATA[]]></Dimension>
<Comment><![CDATA[vy initial condition]]></Comment>
</Variable>
<Variable>
<Name><![CDATA[t]]></Name>
<Value><![CDATA[0]]></Value>
<Type><![CDATA[double]]></Type>
<Dimension><![CDATA[]]></Dimension>
<Comment><![CDATA[the time]]></Comment>
</Variable>
<Variable>
<Name><![CDATA[dt]]></Name>
<Value><![CDATA[1.0/15.0]]></Value>
<Type><![CDATA[double]]></Type>
<Dimension><![CDATA[]]></Dimension>
<Comment><![CDATA[increment of time]]></Comment>
</Variable>
<Variable>
<Name><![CDATA[g]]></Name>
<Value><![CDATA[9.8]]></Value>
<Type><![CDATA[double]]></Type>
<Dimension><![CDATA[]]></Dimension>
<Comment><![CDATA[acceleration due to gravity]]></Comment>
</Variable>
<Variable>
<Name><![CDATA[x]]></Name>
<Value><![CDATA[]]></Value>
<Type><![CDATA[double]]></Type>
<Dimension><![CDATA[]]></Dimension>
<Comment><![CDATA[x coordinate]]></Comment>
</Variable>
<Variable>
<Name><![CDATA[y]]></Name>
<Value><![CDATA[]]></Value>
<Type><![CDATA[double]]></Type>
<Dimension><![CDATA[]]></Dimension>
<Comment><![CDATA[y coordinate]]></Comment>
</Variable>
<Variable>
<Name><![CDATA[vx]]></Name>
<Value><![CDATA[]]></Value>
<Type><![CDATA[double]]></Type>
<Dimension><![CDATA[]]></Dimension>
<Comment><![CDATA[vx coordinate]]></Comment>
</Variable>
<Variable>
<Name><![CDATA[vy]]></Name>
<Value><![CDATA[]]></Value>
<Type><![CDATA[double]]></Type>
<Dimension><![CDATA[]]></Dimension>
<Comment><![CDATA[vy coordinate]]></Comment>
</Variable>

</Content>
</Osejs.Model.Variables.Page>
<Osejs.Model.Variables.Page>
<Type>VARIABLE_EDITOR</Type>
<Name>Video parameters</Name>
<Active>true</Active>
<Content>
<PageComment><![CDATA[]]></PageComment>
<Variable>
<Name><![CDATA[startframe]]></Name>
<Value><![CDATA[5]]></Value>
<Type><![CDATA[int]]></Type>
<Dimension><![CDATA[]]></Dimension>
<Comment><![CDATA[the initial frame of the video that we want to display]]></Comment>
</Variable>
<Variable>
<Name><![CDATA[endframe]]></Name>
<Value><![CDATA[23]]></Value>
<Type><![CDATA[int]]></Type>
<Dimension><![CDATA[]]></Dimension>
<Comment><![CDATA[the final frame of the video that we want to display]]></Comment>
</Variable>
<Variable>
<Name><![CDATA[frame]]></Name>
<Value><![CDATA[]]></Value>
<Type><![CDATA[int]]></Type>
<Dimension><![CDATA[]]></Dimension>
<Comment><![CDATA[the current frame displayed]]></Comment>
</Variable>
<Variable>
<Name><![CDATA[firsttime]]></Name>
<Value><![CDATA[true]]></Value>
<Type><![CDATA[boolean]]></Type>
<Dimension><![CDATA[]]></Dimension>
<Comment><![CDATA[a boolean used to display the initial alert window]]></Comment>
</Variable>

</Content>
</Osejs.Model.Variables.Page>
</Osejs.Model.Variables>
<Osejs.Model.Initialization>
<Osejs.Model.Initialization.Page>
<Type>CODE_EDITOR</Type>
<Name>Initialization</Name>
<Active>true</Active>
<Content>
<Comment><![CDATA[]]></Comment>
<Code><![CDATA[
if (firsttime) { // display a window with instructions
  _alert ("mainFrame","Assignment",
    "Adjust the parameters so that the trajectory of\n"+
    "the red ball matches the one shown in the video");
  firsttime = false;
}
// Reset initial conditions
x = xinit;
y = yinit;
vx = vxinit;
vy = vyinit;
t = 0;
frame = startframe;
_view.resetTraces(); // clear the traces
]]></Code>

</Content>
</Osejs.Model.Initialization.Page>
</Osejs.Model.Initialization>
<Osejs.Model.Evolution>
<Osejs.Model.Evolution.Page>
<Type>ODE_EDITOR</Type>
<Name>Free fall</Name>
<Active>true</Active>
<Content>
<PreliminaryCode>
<Comment><![CDATA[]]></Comment>
<Code><![CDATA[

]]></Code>
</PreliminaryCode>
<IndependentVariable>t</IndependentVariable>
<Increment>dt</Increment>
<Increment>dt</Increment>
<Rate state="x">vx</Rate>
<Rate state="vx">0</Rate>
<Rate state="y">vy</Rate>
<Rate state="vy">-g</Rate>
<Method>MidPoint</Method>
<Tolerance></Tolerance>
<Comment><![CDATA[equations for free fall]]></Comment>

</Content>
</Osejs.Model.Evolution.Page>
<Osejs.Model.Evolution.Page>
<Type>EVOLUTION_EDITOR</Type>
<Name>End</Name>
<Active>true</Active>
<Content>
<Comment><![CDATA[]]></Comment>
<Code><![CDATA[
frame++; // advance the video
if (frame>=endframe) _pause(); // stop at the final frame
]]></Code>

</Content>
</Osejs.Model.Evolution.Page>
</Osejs.Model.Evolution>
<Osejs.Model.Constraints>
</Osejs.Model.Constraints>
<Osejs.Model.Library>
</Osejs.Model.Library>
</Osejs.Model>
<Osejs.View>
<Osejs.View.Creation>
<Osejs.View.Creation.Element>
<Expanded>true</Expanded>
<Type>Elements.Frame</Type>
<Property name="name">mainFrame</Property>
<Property name="_ejs_mainWindow">true</Property>
<Property name="title"><![CDATA["Video throw"]]></Property>
<Property name="layout"><![CDATA[border]]></Property>
<Property name="visible"><![CDATA[true]]></Property>
<Property name="size"><![CDATA["400,340"]]></Property>
</Osejs.View.Creation.Element>
<Osejs.View.Creation.Element>
<Expanded>true</Expanded>
<Type>Elements.DrawingPanel</Type>
<Property name="name">drawingPanel</Property>
<Property name="parent">mainFrame</Property>
<Property name="position">center</Property>
<Property name="autoscaleX"><![CDATA[false]]></Property>
<Property name="autoscaleY"><![CDATA[false]]></Property>
<Property name="minimumX"><![CDATA[-1.0]]></Property>
<Property name="maximumX"><![CDATA[1.0]]></Property>
<Property name="minimumY"><![CDATA[-1.0]]></Property>
<Property name="maximumY"><![CDATA[0.5]]></Property>
</Osejs.View.Creation.Element>
<Osejs.View.Creation.Element>
<Type>Elements.Video</Type>
<Property name="name">video</Property>
<Property name="parent">drawingPanel</Property>
<Property name="x"><![CDATA[-1]]></Property>
<Property name="y"><![CDATA[0.5]]></Property>
<Property name="sizex"><![CDATA[2]]></Property>
<Property name="videofile"><![CDATA["./VideoThrow/TossOutStrobe.mov"]]></Property>
<Property name="frame"><![CDATA[frame]]></Property>
</Osejs.View.Creation.Element>
<Osejs.View.Creation.Element>
<Type>Elements.Shape2D</Type>
<Property name="name">shape</Property>
<Property name="parent">drawingPanel</Property>
<Property name="x"><![CDATA[x]]></Property>
<Property name="y"><![CDATA[y]]></Property>
<Property name="sizeX"><![CDATA[0.07]]></Property>
<Property name="sizeY"><![CDATA[0.07]]></Property>
<Property name="fillColor"><![CDATA[RED]]></Property>
</Osejs.View.Creation.Element>
<Osejs.View.Creation.Element>
<Type>Elements.Trail2D</Type>
<Property name="name">trail</Property>
<Property name="parent">drawingPanel</Property>
<Property name="inputX"><![CDATA[x]]></Property>
<Property name="inputY"><![CDATA[y]]></Property>
<Property name="norepeat"><![CDATA[true]]></Property>
<Property name="lineColor"><![CDATA[WHITE]]></Property>
</Osejs.View.Creation.Element>
<Osejs.View.Creation.Element>
<Expanded>true</Expanded>
<Type>Elements.Panel</Type>
<Property name="name">topPanel</Property>
<Property name="parent">mainFrame</Property>
<Property name="position">north</Property>
<Property name="layout"><![CDATA[flow:center,0,0]]></Property>
</Osejs.View.Creation.Element>
<Osejs.View.Creation.Element>
<Type>Elements.TwoStateButton</Type>
<Property name="name">twoStateButton</Property>
<Property name="parent">topPanel</Property>
<Property name="variable"><![CDATA[_isPaused]]></Property>
<Property name="imageOn"><![CDATA["/org/opensourcephysics/resources/controls/images/play.gif"]]></Property>
<Property name="actionOn"><![CDATA[_play()]]></Property>
<Property name="imageOff"><![CDATA["/org/opensourcephysics/resources/controls/images/pause.gif"]]></Property>
<Property name="actionOff"><![CDATA[_pause()]]></Property>
</Osejs.View.Creation.Element>
<Osejs.View.Creation.Element>
<Type>Elements.Button</Type>
<Property name="name">stepButton</Property>
<Property name="parent">topPanel</Property>
<Property name="image"><![CDATA["/org/opensourcephysics/resources/controls/images/stepforward.gif"]]></Property>
</Osejs.View.Creation.Element>
<Osejs.View.Creation.Element>
<Type>Elements.Button</Type>
<Property name="name">initializeButton</Property>
<Property name="parent">topPanel</Property>
<Property name="image"><![CDATA["/org/opensourcephysics/resources/controls/images/reset1.gif"]]></Property>
<Property name="action"><![CDATA[_initialize()]]></Property>
</Osejs.View.Creation.Element>
<Osejs.View.Creation.Element>
<Type>Elements.Button</Type>
<Property name="name">resetButton</Property>
<Property name="parent">topPanel</Property>
<Property name="image"><![CDATA["/org/opensourcephysics/resources/controls/images/reset.gif"]]></Property>
<Property name="action"><![CDATA[_reset()]]></Property>
</Osejs.View.Creation.Element>
<Osejs.View.Creation.Element>
<Type>Elements.Button</Type>
<Property name="name">solutionButton</Property>
<Property name="parent">topPanel</Property>
<Property name="text"><![CDATA[Solution]]></Property>
<Property name="action"><![CDATA[xinit = -0.59;
yinit = -0.17;
vxinit = 1.17;
vyinit = 2.4;
g = 9.8/2;
_initialize();]]></Property>
<Property name="background"><![CDATA[pink]]></Property>
</Osejs.View.Creation.Element>
<Osejs.View.Creation.Element>
<Expanded>false</Expanded>
<Type>Elements.Panel</Type>
<Property name="name">bottomPanel</Property>
<Property name="parent">mainFrame</Property>
<Property name="position">south</Property>
<Property name="layout"><![CDATA[grid:1,0,0,0]]></Property>
</Osejs.View.Creation.Element>
<Osejs.View.Creation.Element>
<Expanded>false</Expanded>
<Type>Elements.Panel</Type>
<Property name="name">panelX</Property>
<Property name="parent">bottomPanel</Property>
<Property name="layout"><![CDATA[border]]></Property>
</Osejs.View.Creation.Element>
<Osejs.View.Creation.Element>
<Type>Elements.Label</Type>
<Property name="name">labelX</Property>
<Property name="parent">panelX</Property>
<Property name="position">west</Property>
<Property name="text"><![CDATA["xo="]]></Property>
</Osejs.View.Creation.Element>
<Osejs.View.Creation.Element>
<Type>Elements.Field</Type>
<Property name="name">xinitField</Property>
<Property name="parent">panelX</Property>
<Property name="position">center</Property>
<Property name="variable"><![CDATA[xinit]]></Property>
<Property name="format"><![CDATA["0.000"]]></Property>
</Osejs.View.Creation.Element>
<Osejs.View.Creation.Element>
<Expanded>false</Expanded>
<Type>Elements.Panel</Type>
<Property name="name">panelY</Property>
<Property name="parent">bottomPanel</Property>
<Property name="layout"><![CDATA[border]]></Property>
</Osejs.View.Creation.Element>
<Osejs.View.Creation.Element>
<Type>Elements.Label</Type>
<Property name="name">labelY</Property>
<Property name="parent">panelY</Property>
<Property name="position">west</Property>
<Property name="text"><![CDATA["yo="]]></Property>
</Osejs.View.Creation.Element>
<Osejs.View.Creation.Element>
<Type>Elements.Field</Type>
<Property name="name">yinitField</Property>
<Property name="parent">panelY</Property>
<Property name="position">center</Property>
<Property name="variable"><![CDATA[yinit]]></Property>
<Property name="format"><![CDATA["0.000"]]></Property>
</Osejs.View.Creation.Element>
<Osejs.View.Creation.Element>
<Expanded>false</Expanded>
<Type>Elements.Panel</Type>
<Property name="name">panelVx</Property>
<Property name="parent">bottomPanel</Property>
<Property name="layout"><![CDATA[border]]></Property>
</Osejs.View.Creation.Element>
<Osejs.View.Creation.Element>
<Type>Elements.Label</Type>
<Property name="name">labelVx</Property>
<Property name="parent">panelVx</Property>
<Property name="position">west</Property>
<Property name="text"><![CDATA["vxo="]]></Property>
</Osejs.View.Creation.Element>
<Osejs.View.Creation.Element>
<Type>Elements.Field</Type>
<Property name="name">vxinitField</Property>
<Property name="parent">panelVx</Property>
<Property name="position">center</Property>
<Property name="variable"><![CDATA[vxinit]]></Property>
<Property name="format"><![CDATA["0.000"]]></Property>
</Osejs.View.Creation.Element>
<Osejs.View.Creation.Element>
<Expanded>false</Expanded>
<Type>Elements.Panel</Type>
<Property name="name">panelVy</Property>
<Property name="parent">bottomPanel</Property>
<Property name="layout"><![CDATA[border]]></Property>
</Osejs.View.Creation.Element>
<Osejs.View.Creation.Element>
<Type>Elements.Label</Type>
<Property name="name">labelVy</Property>
<Property name="parent">panelVy</Property>
<Property name="position">west</Property>
<Property name="text"><![CDATA["vyo="]]></Property>
</Osejs.View.Creation.Element>
<Osejs.View.Creation.Element>
<Type>Elements.Field</Type>
<Property name="name">vyinitField</Property>
<Property name="parent">panelVy</Property>
<Property name="position">center</Property>
<Property name="variable"><![CDATA[vyinit]]></Property>
<Property name="format"><![CDATA["0.000"]]></Property>
</Osejs.View.Creation.Element>
<Osejs.View.Creation.Element>
<Expanded>false</Expanded>
<Type>Elements.Panel</Type>
<Property name="name">panelG</Property>
<Property name="parent">bottomPanel</Property>
<Property name="layout"><![CDATA[border]]></Property>
</Osejs.View.Creation.Element>
<Osejs.View.Creation.Element>
<Type>Elements.Label</Type>
<Property name="name">labelG</Property>
<Property name="parent">panelG</Property>
<Property name="position">west</Property>
<Property name="text"><![CDATA["g="]]></Property>
</Osejs.View.Creation.Element>
<Osejs.View.Creation.Element>
<Type>Elements.Field</Type>
<Property name="name">gField</Property>
<Property name="parent">panelG</Property>
<Property name="position">center</Property>
<Property name="variable"><![CDATA[g]]></Property>
<Property name="format"><![CDATA["0.000"]]></Property>
</Osejs.View.Creation.Element>
</Osejs.View.Creation>
</Osejs.View>
<Osejs.Experiment>
</Osejs.Experiment>
</Osejs>
