<!-- This XML file has been created by Easy Java Simulations (Ejs). Visit http://www.um.es/fem/Ejs. -->
<!-- Please, save the file to your hard disk on your Ejs' user directory and open it with Ejs. -->
<Osejs version="4.1">
<Osejs.Information>
<Title><![CDATA[Parametric curve]]></Title>
<Author><![CDATA[Francisco Esquembre - Universidad de Murcia, Spain]]></Author>
<Keywords><![CDATA[]]></Keywords>
<Level><![CDATA[]]></Level>
<Language><![CDATA[]]></Language>
<Abstract><![CDATA[e-mail: fem@um.es]]></Abstract>
<CaptureTools>false</CaptureTools>
<DataTools>false</DataTools>
<LanguageTools>false</LanguageTools>
<AdditionalLibraries>
</AdditionalLibraries>
<ImportStatements>
</ImportStatements>
<AuxiliaryFiles><![CDATA[]]></AuxiliaryFiles>
<DetectedFiles><![CDATA[./TrailExample/Curve2D.jpg;]]></DetectedFiles>
</Osejs.Information>
<Osejs.Description>
<Osejs.Description.Page>
<Type>DESCRIPTION_EDITOR</Type>
<Name>Intro Page</Name>
<Active>true</Active>
<Content>
<![CDATA[
<html>
  <head>
    
  </head>
  <body>
    <h2>
      Parametric curves
    </h2>
    <p style="margin-top: 0">
      A 2D trail is used to create a plotter for parametric curves in the 
      plane.
    </p>
    <p style="margin-top: 0">
      
    </p>
    <p style="margin-top: 0" align="center">
      <img src="./TrailExample/Curve2D.jpg">
      
    </p>
  </body>
</html>

]]>

</Content>
</Osejs.Description.Page>
</Osejs.Description>
<Osejs.Model>
<Osejs.Model.FramesPerSecond>20</Osejs.Model.FramesPerSecond>
<Osejs.Model.StepsPerDisplay>spd</Osejs.Model.StepsPerDisplay>
<Osejs.Model.Autostart>false</Osejs.Model.Autostart>
<Osejs.Model.Variables>
<Osejs.Model.Variables.Page>
<Type>VARIABLE_EDITOR</Type>
<Name>Vars</Name>
<Active>true</Active>
<Content>
<PageComment><![CDATA[]]></PageComment>
<Variable>
<Name><![CDATA[nPoints]]></Name>
<Value><![CDATA[1000]]></Value>
<Type><![CDATA[int]]></Type>
<Dimension><![CDATA[]]></Dimension>
<Comment><![CDATA[]]></Comment>
</Variable>
<Variable>
<Name><![CDATA[tMin]]></Name>
<Value><![CDATA[0]]></Value>
<Type><![CDATA[double]]></Type>
<Dimension><![CDATA[]]></Dimension>
<Comment><![CDATA[]]></Comment>
</Variable>
<Variable>
<Name><![CDATA[tMax]]></Name>
<Value><![CDATA[2*Math.PI]]></Value>
<Type><![CDATA[double]]></Type>
<Dimension><![CDATA[]]></Dimension>
<Comment><![CDATA[]]></Comment>
</Variable>
<Variable>
<Name><![CDATA[t]]></Name>
<Value><![CDATA[tMin]]></Value>
<Type><![CDATA[double]]></Type>
<Dimension><![CDATA[]]></Dimension>
<Comment><![CDATA[]]></Comment>
</Variable>
<Variable>
<Name><![CDATA[dt]]></Name>
<Value><![CDATA[(tMax-tMin)/nPoints]]></Value>
<Type><![CDATA[double]]></Type>
<Dimension><![CDATA[]]></Dimension>
<Comment><![CDATA[]]></Comment>
</Variable>
<Variable>
<Name><![CDATA[x]]></Name>
<Value><![CDATA[]]></Value>
<Type><![CDATA[double]]></Type>
<Dimension><![CDATA[]]></Dimension>
<Comment><![CDATA[]]></Comment>
</Variable>
<Variable>
<Name><![CDATA[y]]></Name>
<Value><![CDATA[]]></Value>
<Type><![CDATA[double]]></Type>
<Dimension><![CDATA[]]></Dimension>
<Comment><![CDATA[]]></Comment>
</Variable>
<Variable>
<Name><![CDATA[color]]></Name>
<Value><![CDATA[-1]]></Value>
<Type><![CDATA[int]]></Type>
<Dimension><![CDATA[]]></Dimension>
<Comment><![CDATA[]]></Comment>
</Variable>
<Variable>
<Name><![CDATA[spd]]></Name>
<Value><![CDATA[1]]></Value>
<Type><![CDATA[int]]></Type>
<Dimension><![CDATA[]]></Dimension>
<Comment><![CDATA[]]></Comment>
</Variable>

</Content>
</Osejs.Model.Variables.Page>
</Osejs.Model.Variables>
<Osejs.Model.Initialization>
<Osejs.Model.Initialization.Page>
<Type>CODE_EDITOR</Type>
<Name>Init Page</Name>
<Active>true</Active>
<Content>
<Comment><![CDATA[]]></Comment>
<Code><![CDATA[
t = tMin;
dt = (tMax-tMin)/nPoints;
computeXY();
_view.trail.addPoint(x,y);

]]></Code>

</Content>
</Osejs.Model.Initialization.Page>
</Osejs.Model.Initialization>
<Osejs.Model.Evolution>
<Osejs.Model.Evolution.Page>
<Type>EVOLUTION_EDITOR</Type>
<Name>Evol Page</Name>
<Active>true</Active>
<Content>
<Comment><![CDATA[]]></Comment>
<Code><![CDATA[
if (t<tMax) {
  t = t + dt;
  if (t>tMax) t = tMax;
  computeXY();
  _view.trail.addPoint(x,y);
}
else _pause();

]]></Code>

</Content>
</Osejs.Model.Evolution.Page>
</Osejs.Model.Evolution>
<Osejs.Model.Constraints>
</Osejs.Model.Constraints>
<Osejs.Model.Library>
<Osejs.Model.Library.Page>
<Type>LIBRARY_EDITOR</Type>
<Name>Lib Page</Name>
<Active>true</Active>
<Content>
<Comment><![CDATA[]]></Comment>
<Code><![CDATA[
public void computeXY() {
  x = _view.fxFunction.evaluate(t);
  y = _view.fyFunction.evaluate(t);
}

public void jump () {
  _view.trail.newSegment();
  computeXY();
  _view.trail.moveToPoint(x,y);
  color++;
}
]]></Code>

</Content>
</Osejs.Model.Library.Page>
</Osejs.Model.Library>
</Osejs.Model>
<Osejs.View>
<Osejs.View.Creation>
<Osejs.View.Creation.Element>
<Expanded>true</Expanded>
<Type>Elements.Frame</Type>
<Property name="name">plottingFrame</Property>
<Property name="_ejs_mainWindow">true</Property>
<Property name="title"><![CDATA["Parametric curves"]]></Property>
<Property name="layout"><![CDATA[border]]></Property>
<Property name="visible"><![CDATA[true]]></Property>
<Property name="size"><![CDATA["470,429"]]></Property>
</Osejs.View.Creation.Element>
<Osejs.View.Creation.Element>
<Expanded>true</Expanded>
<Type>Elements.PlottingPanel</Type>
<Property name="name">plottingPanel</Property>
<Property name="parent">plottingFrame</Property>
<Property name="position">center</Property>
<Property name="autoscaleX"><![CDATA[true]]></Property>
<Property name="autoscaleY"><![CDATA[true]]></Property>
<Property name="xMarginPercentage"><![CDATA[5]]></Property>
<Property name="yMarginPercentage"><![CDATA[5]]></Property>
<Property name="title"><![CDATA["Plot a parametric curve"]]></Property>
</Osejs.View.Creation.Element>
<Osejs.View.Creation.Element>
<Type>Elements.Trail2D</Type>
<Property name="name">trail</Property>
<Property name="parent">plottingPanel</Property>
<Property name="inputX"><![CDATA[x]]></Property>
<Property name="inputY"><![CDATA[y]]></Property>
<Property name="norepeat"><![CDATA[true]]></Property>
<Property name="lineColor"><![CDATA[color]]></Property>
<Property name="lineWidth"><![CDATA[2]]></Property>
</Osejs.View.Creation.Element>
<Osejs.View.Creation.Element>
<Expanded>true</Expanded>
<Type>Elements.Panel</Type>
<Property name="name">controlPanel</Property>
<Property name="parent">plottingFrame</Property>
<Property name="position">north</Property>
<Property name="layout"><![CDATA[border]]></Property>
</Osejs.View.Creation.Element>
<Osejs.View.Creation.Element>
<Expanded>true</Expanded>
<Type>Elements.Panel</Type>
<Property name="name">buttonsPanel</Property>
<Property name="parent">controlPanel</Property>
<Property name="position">west</Property>
<Property name="layout"><![CDATA[FLOW:center,0,0]]></Property>
</Osejs.View.Creation.Element>
<Osejs.View.Creation.Element>
<Type>Elements.Button</Type>
<Property name="name">resetButton</Property>
<Property name="parent">buttonsPanel</Property>
<Property name="image"><![CDATA[/org/opensourcephysics/resources/controls/images/reset.gif]]></Property>
<Property name="action"><![CDATA[_reset()]]></Property>
</Osejs.View.Creation.Element>
<Osejs.View.Creation.Element>
<Type>Elements.Button</Type>
<Property name="name">clearButton</Property>
<Property name="parent">buttonsPanel</Property>
<Property name="text"><![CDATA["Clear"]]></Property>
<Property name="action"><![CDATA[_view.resetTraces();]]></Property>
</Osejs.View.Creation.Element>
<Osejs.View.Creation.Element>
<Type>Elements.Button</Type>
<Property name="name">initializeButton</Property>
<Property name="parent">buttonsPanel</Property>
<Property name="text"><![CDATA["Initialize"]]></Property>
<Property name="action"><![CDATA[_view.trail.newSegment();
color++;
_initialize();]]></Property>
</Osejs.View.Creation.Element>
<Osejs.View.Creation.Element>
<Type>Elements.TwoStateButton</Type>
<Property name="name">playPauseButton</Property>
<Property name="parent">buttonsPanel</Property>
<Property name="variable"><![CDATA[_isPaused]]></Property>
<Property name="imageOn"><![CDATA[/org/opensourcephysics/resources/controls/images/play.gif]]></Property>
<Property name="actionOn"><![CDATA[_play()]]></Property>
<Property name="imageOff"><![CDATA[/org/opensourcephysics/resources/controls/images/pause.gif]]></Property>
<Property name="actionOff"><![CDATA[_pause()]]></Property>
</Osejs.View.Creation.Element>
<Osejs.View.Creation.Element>
<Type>Elements.Label</Type>
<Property name="name">aFieldLabel</Property>
<Property name="parent">buttonsPanel</Property>
<Property name="text"><![CDATA[" t="]]></Property>
</Osejs.View.Creation.Element>
<Osejs.View.Creation.Element>
<Type>Elements.ParsedField</Type>
<Property name="name">aField</Property>
<Property name="parent">buttonsPanel</Property>
<Property name="variable"><![CDATA[t]]></Property>
<Property name="format"><![CDATA["0.00"]]></Property>
<Property name="editable"><![CDATA[false]]></Property>
<Property name="columns"><![CDATA[3]]></Property>
<Property name="background"><![CDATA[LIGHTGRAY]]></Property>
</Osejs.View.Creation.Element>
<Osejs.View.Creation.Element>
<Expanded>true</Expanded>
<Type>Elements.Panel</Type>
<Property name="name">rightPanel</Property>
<Property name="parent">controlPanel</Property>
<Property name="position">east</Property>
<Property name="layout"><![CDATA[border]]></Property>
</Osejs.View.Creation.Element>
<Osejs.View.Creation.Element>
<Type>Elements.CheckBox</Type>
<Property name="name">highSpeed</Property>
<Property name="parent">rightPanel</Property>
<Property name="position">center</Property>
<Property name="selected"><![CDATA[false]]></Property>
<Property name="text"><![CDATA["High speed"]]></Property>
<Property name="actionon"><![CDATA[spd = 1000;]]></Property>
<Property name="actionoff"><![CDATA[spd = 1;]]></Property>
</Osejs.View.Creation.Element>
<Osejs.View.Creation.Element>
<Expanded>true</Expanded>
<Type>Elements.Panel</Type>
<Property name="name">parametersPanel</Property>
<Property name="parent">plottingFrame</Property>
<Property name="position">south</Property>
<Property name="layout"><![CDATA[BORDER:0,0]]></Property>
</Osejs.View.Creation.Element>
<Osejs.View.Creation.Element>
<Expanded>false</Expanded>
<Type>Elements.Panel</Type>
<Property name="name">timePanel</Property>
<Property name="parent">parametersPanel</Property>
<Property name="position">west</Property>
<Property name="layout"><![CDATA[GRID:1,0,0,0]]></Property>
</Osejs.View.Creation.Element>
<Osejs.View.Creation.Element>
<Expanded>false</Expanded>
<Type>Elements.Panel</Type>
<Property name="name">tminPanel</Property>
<Property name="parent">timePanel</Property>
<Property name="layout"><![CDATA[border]]></Property>
</Osejs.View.Creation.Element>
<Osejs.View.Creation.Element>
<Type>Elements.Label</Type>
<Property name="name">tminLabel</Property>
<Property name="parent">tminPanel</Property>
<Property name="position">west</Property>
<Property name="text"><![CDATA[" t min="]]></Property>
</Osejs.View.Creation.Element>
<Osejs.View.Creation.Element>
<Type>Elements.ParsedField</Type>
<Property name="name">tminField</Property>
<Property name="parent">tminPanel</Property>
<Property name="position">center</Property>
<Property name="variable"><![CDATA[tMin]]></Property>
<Property name="format"><![CDATA["0.00"]]></Property>
<Property name="columns"><![CDATA[3]]></Property>
</Osejs.View.Creation.Element>
<Osejs.View.Creation.Element>
<Expanded>false</Expanded>
<Type>Elements.Panel</Type>
<Property name="name">tmaxPanel</Property>
<Property name="parent">timePanel</Property>
<Property name="layout"><![CDATA[border]]></Property>
</Osejs.View.Creation.Element>
<Osejs.View.Creation.Element>
<Type>Elements.Label</Type>
<Property name="name">tmaxLabel</Property>
<Property name="parent">tmaxPanel</Property>
<Property name="position">west</Property>
<Property name="text"><![CDATA[" t max="]]></Property>
</Osejs.View.Creation.Element>
<Osejs.View.Creation.Element>
<Type>Elements.ParsedField</Type>
<Property name="name">tmaxField</Property>
<Property name="parent">tmaxPanel</Property>
<Property name="position">center</Property>
<Property name="variable"><![CDATA[tMax]]></Property>
<Property name="format"><![CDATA["0.00"]]></Property>
<Property name="columns"><![CDATA[3]]></Property>
</Osejs.View.Creation.Element>
<Osejs.View.Creation.Element>
<Expanded>true</Expanded>
<Type>Elements.Panel</Type>
<Property name="name">functionsPanel</Property>
<Property name="parent">parametersPanel</Property>
<Property name="position">center</Property>
<Property name="layout"><![CDATA[GRID:1,0,0,0]]></Property>
</Osejs.View.Creation.Element>
<Osejs.View.Creation.Element>
<Expanded>true</Expanded>
<Type>Elements.Panel</Type>
<Property name="name">fxPanel</Property>
<Property name="parent">functionsPanel</Property>
<Property name="position">center</Property>
<Property name="layout"><![CDATA[border]]></Property>
</Osejs.View.Creation.Element>
<Osejs.View.Creation.Element>
<Type>Elements.Label</Type>
<Property name="name">fxLabel</Property>
<Property name="parent">fxPanel</Property>
<Property name="position">west</Property>
<Property name="text"><![CDATA[" x(t)="]]></Property>
</Osejs.View.Creation.Element>
<Osejs.View.Creation.Element>
<Type>Elements.Function</Type>
<Property name="name">fxFunction</Property>
<Property name="parent">fxPanel</Property>
<Property name="position">center</Property>
<Property name="value"><![CDATA["sin(2*t)*sin(t)"]]></Property>
<Property name="independent"><![CDATA["t"]]></Property>
<Property name="javaSyntax"><![CDATA[false]]></Property>
<Property name="action"><![CDATA[jump()]]></Property>
<Property name="size"><![CDATA["60,30"]]></Property>
</Osejs.View.Creation.Element>
<Osejs.View.Creation.Element>
<Expanded>true</Expanded>
<Type>Elements.Panel</Type>
<Property name="name">fyPanel</Property>
<Property name="parent">functionsPanel</Property>
<Property name="layout"><![CDATA[border]]></Property>
</Osejs.View.Creation.Element>
<Osejs.View.Creation.Element>
<Type>Elements.Label</Type>
<Property name="name">fyLabel</Property>
<Property name="parent">fyPanel</Property>
<Property name="position">west</Property>
<Property name="text"><![CDATA[" y(t)="]]></Property>
</Osejs.View.Creation.Element>
<Osejs.View.Creation.Element>
<Type>Elements.Function</Type>
<Property name="name">fyFunction</Property>
<Property name="parent">fyPanel</Property>
<Property name="position">center</Property>
<Property name="value"><![CDATA["cos(3*t)*sin(t)"]]></Property>
<Property name="independent"><![CDATA["t"]]></Property>
<Property name="javaSyntax"><![CDATA[false]]></Property>
<Property name="action"><![CDATA[jump();]]></Property>
<Property name="size"><![CDATA["60,30"]]></Property>
</Osejs.View.Creation.Element>
</Osejs.View.Creation>
</Osejs.View>
<Osejs.Experiment>
</Osejs.Experiment>
</Osejs>
