<!-- This XML file has been created by Easy Java Simulations (Ejs). Visit http://www.um.es/fem/Ejs. -->
<!-- Please, save the file to your hard disk on your Ejs' user directory and open it with Ejs. -->
<Osejs version="4.1">
<Osejs.Information>
<Title><![CDATA[]]></Title>
<Author><![CDATA[Francisco Esquembre - Universidad de Murcia, Spain]]></Author>
<Keywords><![CDATA[]]></Keywords>
<Level><![CDATA[]]></Level>
<Language><![CDATA[]]></Language>
<Abstract><![CDATA[e-mail: fem@um.es]]></Abstract>
<CaptureTools>false</CaptureTools>
<DataTools>false</DataTools>
<LanguageTools>false</LanguageTools>
<AdditionalLibraries>
</AdditionalLibraries>
<ImportStatements>
</ImportStatements>
<AuxiliaryFiles><![CDATA[./CoolingWater/CoolingWaterData.txt;]]></AuxiliaryFiles>
<DetectedFiles><![CDATA[./CoolingWater/CoolingWaterPlot.png;./CoolingWater/probe.jpg;]]></DetectedFiles>
</Osejs.Information>
<Osejs.Description>
<Osejs.Description.Page>
<Type>DESCRIPTION_EDITOR</Type>
<Name>Intro Page</Name>
<Active>true</Active>
<Content>
<![CDATA[
<html>
  <head>
    
  </head>
  <body>
    <h2>
      Cooling water data
    </h2>
    <p>
      This example shows how to read (and plot)&#160; data from an external text 
      file. This file is packaged together with the simulation in the 
      EJS'&#160;generated JAR file.
    </p>
    <p align="center">
      <img src="./CoolingWater/CoolingWaterPlot.png">
      
    </p>
    <p>
      The data corresponds to the cooling of hot water in an insulated (grey 
      plot) and a regular (black plot) cup under the effect of the outdoor 
      temperature (given by the blue plot). The data was kindly provided by 
      Roger Frost (www.rogerfrost.com).
    </p>
    <p align="center">
      <img src="./CoolingWater/probe.jpg">
    </p>
  </body>
</html>

]]>

</Content>
</Osejs.Description.Page>
</Osejs.Description>
<Osejs.Model>
<Osejs.Model.FramesPerSecond>25</Osejs.Model.FramesPerSecond>
<Osejs.Model.StepsPerDisplay>1</Osejs.Model.StepsPerDisplay>
<Osejs.Model.Autostart>false</Osejs.Model.Autostart>
<Osejs.Model.Variables>
</Osejs.Model.Variables>
<Osejs.Model.Initialization>
<Osejs.Model.Initialization.Page>
<Type>CODE_EDITOR</Type>
<Name>Init Page</Name>
<Active>true</Active>
<Content>
<Comment><![CDATA[]]></Comment>
<Code><![CDATA[
readDataFromFile ("CoolingWater/CoolingWaterData.txt");

]]></Code>

</Content>
</Osejs.Model.Initialization.Page>
</Osejs.Model.Initialization>
<Osejs.Model.Evolution>
</Osejs.Model.Evolution>
<Osejs.Model.Constraints>
</Osejs.Model.Constraints>
<Osejs.Model.Library>
<Osejs.Model.Library.Page>
<Type>LIBRARY_EDITOR</Type>
<Name>Read file</Name>
<Active>true</Active>
<Content>
<Comment><![CDATA[]]></Comment>
<Code><![CDATA[
// return false if the file could not be read. Returns true otherwise
private boolean readDataFromFile (String _filename) {
   try {
     org.opensourcephysics.tools.Resource resource = org.opensourcephysics.tools.ResourceLoader.getResource(_filename);
     java.io.BufferedReader reader = resource.openReader();
     String line = reader.readLine();
     while (line!=null) {
       processLine(line); // Process the input line, see below
       line = reader.readLine(); // read next line
     }
     reader.close();
   } catch(Exception exception) {
     exception.printStackTrace();
     return false;
   }
   return true;
 }

// Do whatever you want with the input line
// In this example, we just parse the data and plot it
private void processLine(String _line) {
  if (_line.startsWith("%")) return; // Ignore comments
  // format is time insulatedCupT regularCupT outsideT averagedOutT
  String[] pieces = _line.split(" ");
  double time = Double.parseDouble(pieces[0]);
  double insulatedCupT = Double.parseDouble(pieces[1]);
  double regularCupT = Double.parseDouble(pieces[2]);
  double outsideT = Double.parseDouble(pieces[3]);
  _view.trailTinsulated.addPoint(time,insulatedCupT);
  _view.trailTregular.addPoint(time,regularCupT);
  _view.trailToutside.addPoint(time,outsideT);
}

]]></Code>

</Content>
</Osejs.Model.Library.Page>
</Osejs.Model.Library>
</Osejs.Model>
<Osejs.View>
<Osejs.View.Creation>
<Osejs.View.Creation.Element>
<Expanded>true</Expanded>
<Type>Elements.Frame</Type>
<Property name="name">plottingFrame</Property>
<Property name="_ejs_mainWindow">true</Property>
<Property name="title"><![CDATA["Cooling Water"]]></Property>
<Property name="layout"><![CDATA[border]]></Property>
<Property name="visible"><![CDATA[true]]></Property>
<Property name="size"><![CDATA["600,340"]]></Property>
</Osejs.View.Creation.Element>
<Osejs.View.Creation.Element>
<Expanded>true</Expanded>
<Type>Elements.PlottingPanel</Type>
<Property name="name">plottingPanel</Property>
<Property name="parent">plottingFrame</Property>
<Property name="position">center</Property>
<Property name="autoscaleX"><![CDATA[true]]></Property>
<Property name="autoscaleY"><![CDATA[true]]></Property>
<Property name="yMarginPercentage"><![CDATA[10]]></Property>
<Property name="title"><![CDATA[Temperature]]></Property>
<Property name="titleX"><![CDATA[time (m)]]></Property>
<Property name="titleY"><![CDATA[T (�C)]]></Property>
</Osejs.View.Creation.Element>
<Osejs.View.Creation.Element>
<Type>Elements.Trail2D</Type>
<Property name="name">trailToutside</Property>
<Property name="parent">plottingPanel</Property>
<Property name="norepeat"><![CDATA[true]]></Property>
<Property name="lineColor"><![CDATA[BLUE]]></Property>
</Osejs.View.Creation.Element>
<Osejs.View.Creation.Element>
<Type>Elements.Trail2D</Type>
<Property name="name">trailTinsulated</Property>
<Property name="parent">plottingPanel</Property>
<Property name="norepeat"><![CDATA[true]]></Property>
<Property name="lineColor"><![CDATA[GRAY]]></Property>
</Osejs.View.Creation.Element>
<Osejs.View.Creation.Element>
<Type>Elements.Trail2D</Type>
<Property name="name">trailTregular</Property>
<Property name="parent">plottingPanel</Property>
<Property name="norepeat"><![CDATA[true]]></Property>
<Property name="lineColor"><![CDATA[BLACK]]></Property>
</Osejs.View.Creation.Element>
</Osejs.View.Creation>
</Osejs.View>
<Osejs.Experiment>
</Osejs.Experiment>
</Osejs>
