<!-- This XML file has been created by Easy Java Simulations (Ejs). Visit http://www.um.es/fem/Ejs. -->
<!-- Please, save the file to your hard disk on your Ejs' user directory and open it with Ejs. -->
<Osejs version="4.1">
<Osejs.Information>
<Title><![CDATA[Cooling coffee]]></Title>
<Author><![CDATA[Francisco Esquembre, Universidad de Murcia]]></Author>
<Keywords><![CDATA[]]></Keywords>
<Level><![CDATA[]]></Level>
<Language><![CDATA[]]></Language>
<Abstract><![CDATA[Data kindly provided by Roger Frost (www.rogerfrost.com).]]></Abstract>
<AdditionalLibraries>
</AdditionalLibraries>
<ImportStatements>
</ImportStatements>
<AuxiliaryFiles><![CDATA[./data/CoolingWaterData.txt;]]></AuxiliaryFiles>
<DetectedFiles><![CDATA[./data/probe.jpg;]]></DetectedFiles>
</Osejs.Information>
<Osejs.Description>
<Osejs.Description.Page>
<Type>DESCRIPTION_EDITOR</Type>
<Name>Introduction</Name>
<Active>true</Active>
<Content>
<![CDATA[
<html>
  <head>
    
  </head>
  <body>
    <h1>
      Cooling of a cup of cofee in a changing environment
    </h1>
    <p>
      This model uses the editor of ODEs of Ejs to simulate the cooling of a 
      cup of coffe in an environment with changing temperature. The data from 
      the simulation is compared to real data obtained from an experiment.
    </p>
    <p>
      The black line (which gradually turns blue) corresponds to the outside 
      (room) temperature, the red line is the temperature of an insolated cup, 
      and the pink line is the temperature of a regular cup. Finally, the blue 
      line is the temperature predicted by the model.
    </p>
    <p align="center">
      <img src="./data/probe.jpg">
    </p>
  </body>
</html>

]]>

</Content>
</Osejs.Description.Page>
</Osejs.Description>
<Osejs.Model>
<Osejs.Model.FramesPerSecond>24</Osejs.Model.FramesPerSecond>
<Osejs.Model.StepsPerDisplay>1</Osejs.Model.StepsPerDisplay>
<Osejs.Model.Autostart>false</Osejs.Model.Autostart>
<Osejs.Model.Variables>
<Osejs.Model.Variables.Page>
<Type>VARIABLE_EDITOR</Type>
<Name>Parameters and Variables</Name>
<Active>true</Active>
<Content>
<PageComment><![CDATA[]]></PageComment>
<Variable>
<Name><![CDATA[k]]></Name>
<Value><![CDATA[0.000134]]></Value>
<Type><![CDATA[double]]></Type>
<Dimension><![CDATA[]]></Dimension>
<Comment><![CDATA[]]></Comment>
</Variable>
<Variable>
<Name><![CDATA[T0]]></Name>
<Value><![CDATA[95.3]]></Value>
<Type><![CDATA[double]]></Type>
<Dimension><![CDATA[]]></Dimension>
<Comment><![CDATA[]]></Comment>
</Variable>
<Variable>
<Name><![CDATA[T]]></Name>
<Value><![CDATA[T0]]></Value>
<Type><![CDATA[double]]></Type>
<Dimension><![CDATA[]]></Dimension>
<Comment><![CDATA[]]></Comment>
</Variable>
<Variable>
<Name><![CDATA[t]]></Name>
<Value><![CDATA[128]]></Value>
<Type><![CDATA[double]]></Type>
<Dimension><![CDATA[]]></Dimension>
<Comment><![CDATA[]]></Comment>
</Variable>
<Variable>
<Name><![CDATA[dt]]></Name>
<Value><![CDATA[128]]></Value>
<Type><![CDATA[double]]></Type>
<Dimension><![CDATA[]]></Dimension>
<Comment><![CDATA[]]></Comment>
</Variable>
<Variable>
<Name><![CDATA[tMax]]></Name>
<Value><![CDATA[5]]></Value>
<Type><![CDATA[double]]></Type>
<Dimension><![CDATA[]]></Dimension>
<Comment><![CDATA[]]></Comment>
</Variable>
<Variable>
<Name><![CDATA[outsideData]]></Name>
<Value><![CDATA[]]></Value>
<Type><![CDATA[Object]]></Type>
<Dimension><![CDATA[[0]]]></Dimension>
<Comment><![CDATA[]]></Comment>
</Variable>

</Content>
</Osejs.Model.Variables.Page>
</Osejs.Model.Variables>
<Osejs.Model.Initialization>
<Osejs.Model.Initialization.Page>
<Type>CODE_EDITOR</Type>
<Name>Init Page</Name>
<Active>true</Active>
<Content>
<Comment><![CDATA[]]></Comment>
<Code><![CDATA[
_view.resetTraces();
t = dt;
T = T0;
readDataFromFile ("./data/CoolingWaterData.txt");

]]></Code>

</Content>
</Osejs.Model.Initialization.Page>
</Osejs.Model.Initialization>
<Osejs.Model.Evolution>
<Osejs.Model.Evolution.Page>
<Type>ODE_EDITOR</Type>
<Name>ODE</Name>
<Active>true</Active>
<Content>
<PreliminaryCode>
<Comment><![CDATA[]]></Comment>
<Code><![CDATA[

]]></Code>
</PreliminaryCode>
<IndependentVariable>t</IndependentVariable>
<Increment>dt</Increment>
<Increment>dt</Increment>
<Rate state="T">-k*(T-outT(t))</Rate>
<Method>RungeKuttaFehlberg</Method>
<Tolerance>0.001</Tolerance>
<Comment><![CDATA[]]></Comment>

</Content>
</Osejs.Model.Evolution.Page>
<Osejs.Model.Evolution.Page>
<Type>EVOLUTION_EDITOR</Type>
<Name>Pause</Name>
<Active>true</Active>
<Content>
<Comment><![CDATA[]]></Comment>
<Code><![CDATA[
if (t>=tMax) _pause();

]]></Code>

</Content>
</Osejs.Model.Evolution.Page>
</Osejs.Model.Evolution>
<Osejs.Model.Constraints>
</Osejs.Model.Constraints>
<Osejs.Model.Library>
<Osejs.Model.Library.Page>
<Type>LIBRARY_EDITOR</Type>
<Name>Outside Temperature</Name>
<Active>true</Active>
<Content>
<Comment><![CDATA[]]></Comment>
<Code><![CDATA[
public double outTperiodic (double time) {
  return 18.0 + 10.0*Math.sin(time/750.0); // periodic fluctuations
}

public double outT (double time) {
  int high = outsideData.length - 1;
  if (high<0) return 0.0;
  int low = 0;
  int mid;
  while (low < high-1) {
    mid = (low + high) / 2;
    double[] point = (double []) outsideData[mid];
    if (point[0]<time) low = mid;
    else if (point[0]>time) high = mid;
    else return point[1];
  }
  double[] pLow = (double []) outsideData[low];
  double[] pHigh = (double []) outsideData[high];
  return pLow[1] + (pHigh[1]-pLow[1])*(time-pLow[0])/(pHigh[0]-pLow[0]);
}
]]></Code>

</Content>
</Osejs.Model.Library.Page>
<Osejs.Model.Library.Page>
<Type>LIBRARY_EDITOR</Type>
<Name>Read file</Name>
<Active>true</Active>
<Content>
<Comment><![CDATA[]]></Comment>
<Code><![CDATA[
private void readDataFromFile (String _filename) {
  String contents = org.opensourcephysics.tools.ResourceLoader.getString(_filename);
  if (contents==null) {
    System.err.println ("Error when reading "+_filename);
    return;
  }
  java.util.ArrayList<double[]> dataList = new java.util.ArrayList<double[]>();
  String []lines = contents.split("\n");
  for (int i=0,n=lines.length; i<n; i++) {
    String line = lines[i].trim();
    if (line.startsWith("%")) continue; // Ignore comments
    // format is time insulatedCupT regularCupT outsideT averagedOutT
    String[] pieces = line.split(" ");
    double time = Double.parseDouble(pieces[0]);
    double insulatedCupT = Double.parseDouble(pieces[1]);
    double regularCupT = Double.parseDouble(pieces[2]);
    double outsideT = Double.parseDouble(pieces[3]);
    dataList.add(new double[] { time, outsideT });
    _view.trailInsulated.addPoint(time,insulatedCupT);
    _view.trailRegular.addPoint(time,regularCupT);
    //_view.traceToutside.addPoint(time,outsideT);
  }
  outsideData = (Object []) dataList.toArray();
  tMax = ((double[])outsideData[outsideData.length-1])[0];
  for (int i=0,n=outsideData.length; i<n; i++) {
    double [] point = (double[]) outsideData[i];
    _view.trailOutside.addPoint(point[0],point[1]);
  }
}
]]></Code>

</Content>
</Osejs.Model.Library.Page>
</Osejs.Model.Library>
</Osejs.Model>
<Osejs.View>
<Osejs.View.Creation>
<Osejs.View.Creation.Element>
<Expanded>true</Expanded>
<Type>Elements.Frame</Type>
<Property name="name">plottingFrame</Property>
<Property name="_ejs_mainWindow">true</Property>
<Property name="title"><![CDATA["Cooling coffee"]]></Property>
<Property name="layout"><![CDATA[border]]></Property>
<Property name="visible"><![CDATA[true]]></Property>
<Property name="size"><![CDATA["600,340"]]></Property>
</Osejs.View.Creation.Element>
<Osejs.View.Creation.Element>
<Expanded>true</Expanded>
<Type>Elements.PlottingPanel</Type>
<Property name="name">plottingPanel</Property>
<Property name="parent">plottingFrame</Property>
<Property name="position">center</Property>
<Property name="autoscaleX"><![CDATA[false]]></Property>
<Property name="autoscaleY"><![CDATA[false]]></Property>
<Property name="minimumX"><![CDATA[0]]></Property>
<Property name="maximumX"><![CDATA[tMax*1.01]]></Property>
<Property name="minimumY"><![CDATA[10]]></Property>
<Property name="maximumY"><![CDATA[T0*1.01]]></Property>
<Property name="title"><![CDATA["Temperature"]]></Property>
<Property name="titleX"><![CDATA["time (m)"]]></Property>
<Property name="titleY"><![CDATA["T (�C)"]]></Property>
</Osejs.View.Creation.Element>
<Osejs.View.Creation.Element>
<Type>Elements.Trail2D</Type>
<Property name="name">trailOutside</Property>
<Property name="parent">plottingPanel</Property>
<Property name="norepeat"><![CDATA[true]]></Property>
<Property name="lineColor"><![CDATA[BLACK]]></Property>
</Osejs.View.Creation.Element>
<Osejs.View.Creation.Element>
<Type>Elements.Trail2D</Type>
<Property name="name">trailInsulated</Property>
<Property name="parent">plottingPanel</Property>
<Property name="norepeat"><![CDATA[true]]></Property>
<Property name="lineColor"><![CDATA[RED]]></Property>
</Osejs.View.Creation.Element>
<Osejs.View.Creation.Element>
<Type>Elements.Trail2D</Type>
<Property name="name">trailRegular</Property>
<Property name="parent">plottingPanel</Property>
<Property name="norepeat"><![CDATA[true]]></Property>
<Property name="lineColor"><![CDATA[PINK]]></Property>
</Osejs.View.Creation.Element>
<Osejs.View.Creation.Element>
<Type>Elements.Trail2D</Type>
<Property name="name">trailRoom</Property>
<Property name="parent">plottingPanel</Property>
<Property name="inputX"><![CDATA[t]]></Property>
<Property name="inputY"><![CDATA[outT(t)]]></Property>
<Property name="norepeat"><![CDATA[true]]></Property>
<Property name="connected"><![CDATA[true]]></Property>
<Property name="lineColor"><![CDATA[BLUE]]></Property>
</Osejs.View.Creation.Element>
<Osejs.View.Creation.Element>
<Type>Elements.Trail2D</Type>
<Property name="name">trailModel</Property>
<Property name="parent">plottingPanel</Property>
<Property name="inputX"><![CDATA[t]]></Property>
<Property name="inputY"><![CDATA[T]]></Property>
<Property name="norepeat"><![CDATA[true]]></Property>
<Property name="lineColor"><![CDATA[BLUE]]></Property>
</Osejs.View.Creation.Element>
<Osejs.View.Creation.Element>
<Expanded>true</Expanded>
<Type>Elements.Panel</Type>
<Property name="name">bottomPanel</Property>
<Property name="parent">plottingFrame</Property>
<Property name="position">south</Property>
<Property name="layout"><![CDATA[BORDER:0,0]]></Property>
</Osejs.View.Creation.Element>
<Osejs.View.Creation.Element>
<Expanded>true</Expanded>
<Type>Elements.Panel</Type>
<Property name="name">leftPanel</Property>
<Property name="parent">bottomPanel</Property>
<Property name="position">west</Property>
<Property name="layout"><![CDATA[GRID:1,0,0,0]]></Property>
</Osejs.View.Creation.Element>
<Osejs.View.Creation.Element>
<Type>Elements.TwoStateButton</Type>
<Property name="name">startStopButton</Property>
<Property name="parent">leftPanel</Property>
<Property name="position">center</Property>
<Property name="variable"><![CDATA[_isPaused]]></Property>
<Property name="imageOn"><![CDATA["/org/opensourcephysics/resources/controls/images/play.gif"]]></Property>
<Property name="actionOn"><![CDATA[_play()]]></Property>
<Property name="imageOff"><![CDATA["/org/opensourcephysics/resources/controls/images/pause.gif"]]></Property>
<Property name="actionOff"><![CDATA[_pause()]]></Property>
</Osejs.View.Creation.Element>
<Osejs.View.Creation.Element>
<Type>Elements.Button</Type>
<Property name="name">resetButton</Property>
<Property name="parent">leftPanel</Property>
<Property name="image"><![CDATA["/org/opensourcephysics/resources/controls/images/reset.gif"]]></Property>
<Property name="action"><![CDATA[_reset()]]></Property>
</Osejs.View.Creation.Element>
<Osejs.View.Creation.Element>
<Expanded>true</Expanded>
<Type>Elements.Panel</Type>
<Property name="name">centerPanel</Property>
<Property name="parent">bottomPanel</Property>
<Property name="position">center</Property>
<Property name="layout"><![CDATA[GRID:1,0,0,0]]></Property>
</Osejs.View.Creation.Element>
<Osejs.View.Creation.Element>
<Expanded>true</Expanded>
<Type>Elements.Panel</Type>
<Property name="name">panelK</Property>
<Property name="parent">centerPanel</Property>
<Property name="position">center</Property>
<Property name="layout"><![CDATA[border]]></Property>
</Osejs.View.Creation.Element>
<Osejs.View.Creation.Element>
<Type>Elements.Label</Type>
<Property name="name">labelK</Property>
<Property name="parent">panelK</Property>
<Property name="position">west</Property>
<Property name="text"><![CDATA[" k="]]></Property>
</Osejs.View.Creation.Element>
<Osejs.View.Creation.Element>
<Type>Elements.Field</Type>
<Property name="name">fieldK</Property>
<Property name="parent">panelK</Property>
<Property name="position">center</Property>
<Property name="variable"><![CDATA[k]]></Property>
<Property name="format"><![CDATA["0.######"]]></Property>
<Property name="action"><![CDATA[_initialize()]]></Property>
</Osejs.View.Creation.Element>
<Osejs.View.Creation.Element>
<Expanded>true</Expanded>
<Type>Elements.Panel</Type>
<Property name="name">panelT0</Property>
<Property name="parent">centerPanel</Property>
<Property name="layout"><![CDATA[border]]></Property>
</Osejs.View.Creation.Element>
<Osejs.View.Creation.Element>
<Type>Elements.Label</Type>
<Property name="name">labelT0</Property>
<Property name="parent">panelT0</Property>
<Property name="position">west</Property>
<Property name="text"><![CDATA[" To="]]></Property>
</Osejs.View.Creation.Element>
<Osejs.View.Creation.Element>
<Type>Elements.Field</Type>
<Property name="name">fieldT0</Property>
<Property name="parent">panelT0</Property>
<Property name="position">center</Property>
<Property name="variable"><![CDATA[T0]]></Property>
<Property name="format"><![CDATA["0.######"]]></Property>
<Property name="action"><![CDATA[_initialize()]]></Property>
</Osejs.View.Creation.Element>
</Osejs.View.Creation>
</Osejs.View>
<Osejs.Experiment>
</Osejs.Experiment>
</Osejs>
